20180827,沌口开发区,沌口,青澳都市尚巢,3室2厅,114平米,2400
20180827,沌口开发区,沌口,泰合百花公园,3室2厅,115平米,2500
20180827,沌口开发区,沌口,泰合百花公园,7室1厅,137平米,3500
20180827,沌口开发区,沌口,摩根空间,3室1厅,80平米,2400
20180827,沌口开发区,沌口,金色港湾四期,4室2厅,170平米,6500
20180827,沌口开发区,沌口,青澳都市尚巢,1室2厅,48平米,1500
20180827,沌口开发区,沌口,武汉经开万达广场,1室1厅,30平米,1400
20180827,沌口开发区,沌口,联投金色港湾星座,2室1厅,63平米,2500
20180827,沌口开发区,沌口,青澳都市尚巢,2室1厅,80平米,2700
20180827,沌口开发区,沌口,港湾江城,2室1厅,80平米,1900
20180827,沌口开发区,沌口,湘隆时代大公馆,1室1厅,50平米,1800
20180827,沌口开发区,沌口,泰合百花公园,3室2厅,120平米,2500
20180827,沌口开发区,沌口,海伦春天二期,3室1厅,104平米,2000
20180827,沌口开发区,沌口,水墨兰庭,3室1厅,92平米,2500
20180827,沌口开发区,沌口,海伦春天二期,3室2厅,104平米,1200
20180827,沌口开发区,沌口,中环湖畔,2室2厅,92平米,2800
20180827,沌口开发区,沌口,ICC汉阳国际公寓,2室1厅,76平米,2200
20180827,沌口开发区,沌口,金色港湾四期,3室2厅,135平米,4200
20180827,沌口开发区,沌口,ICC汉阳国际公寓,1室1厅,177平米,9600
20180827,沌口开发区,沌口,武汉经开万达广场,1室1厅,55平米,1500
20180827,沌口开发区,沌口,摩根空间,2室1厅,48平米,2300
20180827,沌口开发区,沌口,中环湖畔,2室2厅,93平米,2300
20180827,沌口开发区,沌口,金色港湾五期,4室2厅,187平米,8000
20180827,沌口开发区,沌口,ICC汉阳国际公寓,2室1厅,66平米,2500
20180827,沌口开发区,沌口,泰合百花公园,5室2厅,300平米,6500
20180827,沌口开发区,沌口,万科翡翠玖玺,3室2厅,123平米,5000
20180827,沌口开发区,沌口,金色港湾五期,4室2厅,187平米,15000
20180827,沌口开发区,沌口,金色港湾三期,3室2厅,100平米,2700
20180827,沌口开发区,沌口,ICC汉阳国际公寓,2室2厅,76平米,2500
20180827,沌口开发区,沌口,嘎纳印象,3室2厅,135平米,4000
20180827,沌口开发区,沌口,ICC汉阳国际公寓,2室1厅,47平米,2100
20180827,沌口开发区,沌口,万科金域蓝湾,2室2厅,85平米,3500
20180827,沌口开发区,沌口,摩根空间,2室1厅,48平米,2300
20180827,沌口开发区,沌口,中环湖畔,2室2厅,93平米,2300
20180827,沌口开发区,沌口,金色港湾五期,4室2厅,187平米,8000
20180827,沌口开发区,沌口,ICC汉阳国际公寓,2室1厅,66平米,2500
20180827,沌口开发区,沌口,泰合百花公园,5室2厅,300平米,6500
20180827,沌口开发区,沌口,ICC汉阳国际公寓,1室1厅,177平米,9600
20180827,沌口开发区,沌口,万科翡翠玖玺,3室2厅,123平米,5000
20180827,沌口开发区,沌口,金色港湾五期,4室2厅,187平米,15000
20180827,沌口开发区,沌口,摩根空间,3室2厅,106平米,2000
20180827,沌口开发区,沌口,金色港湾四期,4室2厅,148平米,4000
20180827,沌口开发区,沌口,金色港湾五期,1室1厅,39平米,2000
20180827,沌口开发区,沌口,丝宝第三街,3室2厅,94平米,1800
20180827,沌口开发区,沌口,长江楚韵,3室1厅,97平米,2500
20180827,沌口开发区,沌口,青澳都市尚巢,3室2厅,46平米,2800
20180827,沌口开发区,沌口,金色港湾四期,3室2厅,127平米,5000
20180827,沌口开发区,沌口,万科翡翠玖玺,3室2厅,109平米,3000
20180827,沌口开发区,沌口,万科翡翠玖玺,3室2厅,133平米,3800
20180827,沌口开发区,沌口,武汉经开万达广场,1室1厅,42平米,1600
20180827,沌口开发区,沌口,ICC汉阳国际公寓,1室1厅,38平米,1700
20180827,沌口开发区,沌口,金色港湾四期,3室2厅,139平米,4000
20180827,沌口开发区,沌口,中环湖畔,3室2厅,138平米,3300
20180827,沌口开发区,沌口,金色港湾一期,1室1厅,25平米,1300
20180827,沌口开发区,沌口,金色港湾五期,2室2厅,100平米,4000
20180827,沌口开发区,沌口,ICC汉阳国际公寓,2室2厅,76平米,2500
20180827,沌口开发区,沌口,嘎纳印象,3室2厅,135平米,4000
20180827,沌口开发区,沌口,青澳都市尚巢,1室1厅,36平米,1200
20180827,沌口开发区,沌口,龙源映象,2室1厅,88平米,1900
20180827,沌口开发区,沌口,青澳都市尚巢,3室1厅,54平米,2500
20180827,沌口开发区,沌口,万科金域蓝湾,3室2厅,110平米,4500
20180827,沌口开发区,沌口,金色港湾五期,2室1厅,56平米,2500
20180827,沌口开发区,沌口,万科翡翠玖玺,3室1厅,109平米,3600
20180827,沌口开发区,沌口,青澳都市尚巢,2室1厅,46平米,2500
20180827,沌口开发区,沌口,金色港湾五期,2室1厅,65平米,2800
20180827,沌口开发区,沌口,金色港湾四期,3室2厅,127平米,5000
20180827,沌口开发区,沌口,万科翡翠玖玺,3室2厅,109平米,3000
20180827,沌口开发区,沌口,港湾江城,2室1厅,81平米,2200
20180827,沌口开发区,沌口,湘隆时代大公馆,2室1厅,81平米,2800
20180827,沌口开发区,沌口,万科金域蓝湾,3室2厅,91平米,3300
20180827,沌口开发区,沌口,万科翡翠玖玺,3室2厅,123平米,4600
20180827,沌口开发区,沌口,东风阳光城丹桂苑,3室2厅,140平米,5000
20180827,沌口开发区,沌口,联投金色港湾铂睿,2室2厅,79平米,3000
20180827,沌口开发区,沌口,宁康园,1室0厅,10平米,650
20180827,沌口开发区,沌口,金色港湾四期,3室1厅,128平米,4500
20180827,沌口开发区,沌口,联投金色港湾一期,2室2厅,80平米,2200
20180827,沌口开发区,沌口,武汉经开万达广场,1室1厅,43平米,1600
20180827,沌口开发区,沌口,天鹅湖假日山庄,5室2厅,200平米,7500
20180827,沌口开发区,沌口,金色港湾五期,4室3厅,186平米,12000
20180827,沌口开发区,沌口,万科翡翠玖玺,3室2厅,109平米,4200
20180827,沌口开发区,沌口,海天幸福小城,3室2厅,130平米,2300
20180827,沌口开发区,沌口,龙源映象,3室2厅,128平米,2600
20180827,沌口开发区,沌口,青澳都市尚巢,2室1厅,50平米,2500
20180827,沌口开发区,沌口,金色港湾五期,4室2厅,160平米,8000
20180827,沌口开发区,沌口,嘎纳印象,2室2厅,90平米,2600
20180827,沌口开发区,沌口,金色港湾四期,3室2厅,126平米,4000
20180827,沌口开发区,沌口,泰合百花公园,4室2厅,120平米,600
20180827,沌口开发区,沌口,金色港湾二期,4室3厅,180平米,5200
20180827,沌口开发区,沌口,万科翡翠玖玺,3室2厅,109平米,5500
20180827,沌口开发区,沌口,中环湖畔,2室2厅,87平米,2500
20180827,沌口开发区,沌口,嘎纳印象,3室2厅,141平米,4000
20180827,沌口开发区,沌口,联投金色港湾铂睿,2室2厅,79平米,2400
20180827,沌口开发区,沌口,金色港湾五期,4室2厅,187平米,13000
20180827,沌口开发区,沌口,龙台二期桃源,3室2厅,91平米,2500
20180827,沌口开发区,沌口,金色港湾三期,4室2厅,199平米,10000
20180827,沌口开发区,沌口,金色港湾五期,4室2厅,186平米,9800
20180827,沌口开发区,沌口,万科翡翠玖玺,3室2厅,108平米,4500
20180827,沌口开发区,沌口,金色港湾四期,5室2厅,184平米,6000
20180827,沌口开发区,沌口,港湾江城,2室2厅,78平米,2200
20180827,沌口开发区,沌口,金色港湾四期,3室2厅,136平米,4000
20180827,沌口开发区,沌口,中环湖畔,2室2厅,95平米,2300
20180827,沌口开发区,沌口,爱佳798,3室2厅,110平米,3500
20180827,沌口开发区,沌口,金色港湾五期,2室2厅,100平米,4000
20180827,沌口开发区,沌口,中环湖畔,1室1厅,35平米,1500
20180827,沌口开发区,沌口,万科翡翠玖玺,4室2厅,155平米,9500
20180827,沌口开发区,沌口,中环湖畔,3室2厅,138平米,3300
20180827,沌口开发区,沌口,金色港湾一期,1室1厅,25平米,1300
20180827,沌口开发区,沌口,金色港湾五期,3室2厅,128平米,5500
20180827,沌口开发区,沌口,万科金域蓝湾,2室1厅,78平米,3000
20180827,沌口开发区,沌口,海伦春天二期,3室2厅,104平米,2600
20180827,沌口开发区,沌口,联投金色港湾铂睿,2室2厅,79平米,2400
20180827,沌口开发区,沌口,青澳都市尚巢,1室1厅,36平米,1200
20180827,沌口开发区,沌口,龙源映象,2室1厅,88平米,1900
20180827,沌口开发区,沌口,青澳都市尚巢,3室1厅,54平米,2500
20180827,沌口开发区,沌口,宁康园,4室2厅,150平米,4000
20180827,沌口开发区,沌口,金色港湾五期,3室2厅,117平米,9000
20180827,沌口开发区,沌口,联投金色港湾星座,1室1厅,46平米,1900
20180827,沌口开发区,沌口,海伦春天一期,7室2厅,310平米,9000
20180827,沌口开发区,沌口,嘎纳印象,2室2厅,91平米,2600
20180827,沌口开发区,沌口,嘎纳印象,2室1厅,83平米,2300
20180827,沌口开发区,沌口,武汉经开万达广场,1室0厅,35平米,1600
20180827,沌口开发区,沌口,ICC汉阳国际公寓,1室1厅,38平米,1700
20180827,沌口开发区,沌口,金色港湾四期,3室2厅,139平米,4000
20180827,沌口开发区,沌口,海天幸福小城,2室1厅,78平米,1500
20180827,沌口开发区,沌口,ICC汉阳国际公寓,2室1厅,38平米,2500
20180827,沌口开发区,沌口,万科金域蓝湾,3室2厅,90平米,3700
20180827,沌口开发区,沌口,联投金色港湾锦绣,4室2厅,140平米,3500
20180827,沌口开发区,沌口,东风阳光城,3室1厅,102平米,2500
20180827,沌口开发区,沌口,海伦春天二期,5室3厅,180平米,8500
20180827,沌口开发区,沌口,金色港湾三期,2室2厅,128平米,2500
20180827,沌口开发区,沌口,港湾江城,3室1厅,114平米,2500
20180827,沌口开发区,沌口,湘隆时代大公馆,3室2厅,131平米,3500
20180827,沌口开发区,沌口,海伦春天二期,3室2厅,92平米,2800
20180827,沌口开发区,沌口,海伦春天一期,3室2厅,104平米,2700
20180827,沌口开发区,沌口,金色港湾三期,3室2厅,135平米,4200
20180827,沌口开发区,沌口,金色港湾三期,5室3厅,215平米,18000
20180827,沌口开发区,沌口,万科金域蓝湾,3室2厅,90平米,3900
20180827,沌口开发区,沌口,金色港湾四期,2室2厅,94平米,2700
20180827,沌口开发区,沌口,嘎纳印象,2室1厅,89平米,2500
20180827,沌口开发区,沌口,金色港湾五期,1室1厅,55平米,2400
20180827,沌口开发区,沌口,水墨兰庭,3室1厅,91平米,2800
20180827,沌口开发区,沌口,武汉经开万达广场,1室1厅,43平米,1600
20180827,沌口开发区,沌口,金色港湾三期,4室2厅,218平米,8000
20180827,沌口开发区,沌口,万科翡翠玖玺,3室2厅,123平米,4000
20180827,沌口开发区,沌口,泰合百花公园,2室2厅,82平米,2400
20180827,沌口开发区,沌口,中环湖畔,2室1厅,96平米,2500
20180827,沌口开发区,沌口,联投金色港湾星座,1室1厅,46平米,1200
20180827,沌口开发区,沌口,联投金色港湾星座,1室1厅,45平米,1500
20180827,沌口开发区,沌口,联投金色港湾星座,1室1厅,46平米,1800
20180827,沌口开发区,沌口,联投金色港湾铂睿,2室2厅,81平米,2700
20180827,沌口开发区,沌口,海伦春天一期,3室2厅,110平米,3800
20180827,沌口开发区,沌口,联投金色港湾星座,1室1厅,46平米,1200
20180827,沌口开发区,沌口,联投金色港湾星座,1室1厅,45平米,1500
20180827,沌口开发区,沌口,联投金色港湾星座,1室1厅,46平米,1800
20180827,沌口开发区,沌口,联投金色港湾星座,1室1厅,46平米,1800
20180827,沌口开发区,沌口,联投金色港湾铂睿,2室2厅,81平米,2700
20180827,沌口开发区,沌口,联投金色港湾星座,2室2厅,63平米,2500
20180827,沌口开发区,沌口,联投金色港湾星座,1室1厅,45平米,1800
20180827,沌口开发区,沌口,万科金域蓝湾,2室2厅,66平米,2500
20180827,沌口开发区,沌口,联投金色港湾星座,2室1厅,50平米,2200
20180827,沌口开发区,沌口,联投金色港湾星座,2室1厅,51平米,1000
20180827,沌口开发区,沌口,联投金色港湾铂睿,2室1厅,78平米,2200
20180827,沌口开发区,沌口,金色港湾五期,4室2厅,186平米,17000
20180827,沌口开发区,沌口,金色港湾四期,3室2厅,140平米,4200
20180827,沌口开发区,沌口,金色港湾五期,1室0厅,25平米,1000
20180827,沌口开发区,沌口,万科金域蓝湾,2室2厅,85平米,3200
20180827,沌口开发区,沌口,湘隆时代大公馆,2室1厅,81平米,2800
20180827,沌口开发区,沌口,湘隆时代大公馆,1室1厅,50平米,2100
20180827,沌口开发区,沌口,绿岛花园,2室2厅,85平米,2200
