20180827,江岸,黄埔永清,解放大道1795到1811号,3室2厅,80平米,3500
20180827,江岸,黄埔永清,汉飞青年城,1室0厅,37平米,2000
20180827,江岸,黄埔永清,罗家庄社区,2室1厅,73平米,2000
20180827,江岸,黄埔永清,地铁鑫城,2室1厅,65平米,3500
20180827,江岸,黄埔永清,罗家庄社区,2室1厅,80平米,2000
20180827,江岸,黄埔永清,汉飞青年城,2室1厅,86平米,3200
20180827,江岸,黄埔永清,常阳永清城,2室2厅,108平米,5000
20180827,江岸,黄埔永清,黄浦花园,3室2厅,95平米,2500
20180827,江岸,黄埔永清,长江委酒宝荡小区,4室2厅,178平米,4500
20180827,江岸,黄埔永清,常阳永清城,1室1厅,48平米,2700
20180827,江岸,黄埔永清,光华路7号大院,1室1厅,50平米,1800
20180827,江岸,黄埔永清,武汉天地二期A10,2室2厅,100平米,8000
20180827,江岸,黄埔永清,武汉天地四期B13,3室2厅,157平米,12000
20180827,江岸,黄埔永清,仁义社区,2室1厅,45平米,2300
20180827,江岸,黄埔永清,湖边坊社区,3室2厅,106平米,3500
20180827,江岸,黄埔永清,武汉天地四期B9,2室2厅,104平米,7600
20180827,江岸,黄埔永清,仁义社区,2室1厅,50平米,1800
20180827,江岸,黄埔永清,仁义社区,1室1厅,56平米,2300
20180827,江岸,黄埔永清,绿缘路,1室0厅,30平米,850
20180827,江岸,黄埔永清,武汉天地盛荟,4室2厅,219平米,23000
20180827,江岸,黄埔永清,黄浦花园,3室1厅,111平米,3000
20180827,江岸,黄埔永清,张自忠小路,3室1厅,75平米,2800
20180827,江岸,黄埔永清,武汉天地四期B13,2室2厅,97平米,8800
20180827,江岸,黄埔永清,仁义社区,2室2厅,83平米,2800
20180827,江岸,黄埔永清,常阳永清城,3室2厅,161平米,7000
20180827,江岸,黄埔永清,常阳永清城,4室2厅,155平米,7600
20180827,江岸,黄埔永清,武汉天地二期A8,3室2厅,157平米,14000
20180827,江岸,黄埔永清,下陈家湖,2室2厅,118平米,2800
20180827,江岸,黄埔永清,常阳永清城,2室2厅,101平米,5000
20180827,江岸,黄埔永清,武汉天地四期B9,2室2厅,104平米,6500
20180827,江岸,黄埔永清,仁义社区,1室1厅,41平米,2000
20180827,江岸,黄埔永清,解放大道1795到1811号,3室2厅,163平米,5500
20180827,江岸,黄埔永清,永成精英汇,3室2厅,150平米,4700
20180827,江岸,黄埔永清,常阳永清城,1室1厅,52平米,3100
20180827,江岸,黄埔永清,汉飞青年城,1室1厅,36平米,1900
20180827,江岸,黄埔永清,武汉天地二期A6,3室2厅,120平米,8000
20180827,江岸,黄埔永清,解放大道1795到1811号,2室1厅,66平米,2300
20180827,江岸,黄埔永清,仁义社区,2室2厅,80平米,3500
20180827,江岸,黄埔永清,名雅居,3室2厅,150平米,6000
20180827,江岸,黄埔永清,枫丹白鹭,2室2厅,140平米,4700
20180827,江岸,黄埔永清,汉飞青年城,1室1厅,45平米,2400
20180827,江岸,黄埔永清,武汉天地四期B9,3室2厅,154平米,12000
20180827,江岸,黄埔永清,罗家庄社区,3室1厅,75平米,2500
20180827,江岸,黄埔永清,解放公园41号,2室2厅,71平米,1700
20180827,江岸,黄埔永清,永清小区,2室1厅,59平米,1800
20180827,江岸,黄埔永清,枫丹白鹭,4室1厅,189平米,9000
20180827,江岸,黄埔永清,仁义社区,2室1厅,52平米,2200
20180827,江岸,黄埔永清,汉飞青年城,1室0厅,30平米,2000
20180827,江岸,黄埔永清,汉飞青年城,1室1厅,40平米,1800
20180827,江岸,黄埔永清,武汉晚报小区,2室2厅,104平米,3000
20180827,江岸,黄埔永清,黄埔东宫,1室1厅,68平米,2500
20180827,江岸,黄埔永清,常阳永清城,1室1厅,50平米,3000
20180827,江岸,黄埔永清,武汉天地二期A8,3室2厅,157平米,12000
20180827,江岸,黄埔永清,武汉天地二期A6,3室2厅,126平米,15000
20180827,江岸,黄埔永清,长江委酒宝荡小区,3室1厅,91平米,2800
20180827,江岸,黄埔永清,解放公园路,2室1厅,85平米,2100
20180827,江岸,黄埔永清,罗家庄社区,1室1厅,45平米,1700
20180827,江岸,黄埔永清,常阳永清城,1室1厅,50平米,3000
20180827,江岸,黄埔永清,汉飞青年城,2室1厅,70平米,2500
20180827,江岸,黄埔永清,艺苑小区,4室1厅,126平米,3200
20180827,江岸,黄埔永清,长江委酒宝荡小区,3室1厅,86平米,2600
20180827,江岸,黄埔永清,武汉天地二期A6,2室2厅,86平米,6800
20180827,江岸,黄埔永清,武汉天地二期A8,3室2厅,156平米,13000
20180827,江岸,黄埔永清,武汉天地四期B9,3室2厅,155平米,14000
20180827,江岸,黄埔永清,滨江苑二期,3室2厅,136平米,4400
20180827,江岸,黄埔永清,汉飞青年城,1室0厅,38平米,2400
20180827,江岸,黄埔永清,常阳永清城,4室2厅,190平米,6800
20180827,江岸,黄埔永清,仁义社区,1室1厅,56平米,2300
20180827,江岸,黄埔永清,绿缘路,1室0厅,30平米,850
20180827,江岸,黄埔永清,武汉天地盛荟,4室2厅,219平米,23000
20180827,江岸,黄埔永清,黄浦花园,3室1厅,111平米,3000
20180827,江岸,黄埔永清,张自忠小路,3室1厅,75平米,2800
20180827,江岸,黄埔永清,武汉天地四期B13,2室2厅,97平米,8800
20180827,江岸,黄埔永清,武汉天地盛荟,2室2厅,123平米,9000
20180827,江岸,黄埔永清,东亚大厦,3室2厅,140平米,6000
20180827,江岸,黄埔永清,湖边坊社区,3室1厅,93平米,2500
20180827,江岸,黄埔永清,怡景花园,2室1厅,131平米,8000
20180827,江岸,黄埔永清,怡景花园,4室2厅,185平米,14800
20180827,江岸,黄埔永清,汉飞青年城,1室1厅,35平米,2600
20180827,江岸,黄埔永清,常阳永清城,2室1厅,52平米,2900
20180827,江岸,黄埔永清,艺苑小区,2室1厅,65平米,1700
20180827,江岸,黄埔永清,仁义社区,2室1厅,61平米,2400
20180827,江岸,黄埔永清,武汉天地一期A9,2室2厅,107平米,7000
20180827,江岸,黄埔永清,永清小区,1室1厅,50平米,1600
20180827,江岸,黄埔永清,临江苑,3室2厅,110平米,3500
20180827,江岸,黄埔永清,艺苑小区,1室1厅,39平米,1800
20180827,江岸,黄埔永清,常阳永清城,1室1厅,52平米,3100
20180827,江岸,黄埔永清,仁义社区,1室1厅,30平米,1400
20180827,江岸,黄埔永清,武汉天地四期B13,3室2厅,157平米,12000
20180827,江岸,黄埔永清,解放公园路,1室1厅,55平米,1600
20180827,江岸,黄埔永清,亚安花园,5室1厅,1100平米,18000
20180827,江岸,黄埔永清,永清小区,1室1厅,40平米,1800
20180827,江岸,黄埔永清,罗家庄社区,2室1厅,74平米,2000
20180827,江岸,黄埔永清,工农兵路16号,1室0厅,20平米,1000
20180827,江岸,黄埔永清,永清小区,1室1厅,45平米,3000
20180827,江岸,黄埔永清,解放公园路,2室1厅,77平米,2500
20180827,江岸,黄埔永清,常阳永清城,2室2厅,108平米,4500
20180827,江岸,黄埔永清,滨江苑三期,3室2厅,178平米,8000
20180827,江岸,黄埔永清,常阳永清城,1室1厅,52平米,3000
20180827,江岸,黄埔永清,武汉天地盛荟,2室2厅,123平米,12000
20180827,江岸,黄埔永清,解放大道1795到1811号,1室0厅,35平米,2000
20180827,江岸,黄埔永清,滨江苑三期,3室2厅,136平米,3800
20180827,江岸,黄埔永清,大连路68号,1室1厅,36平米,2000
20180827,江岸,黄埔永清,仁义社区,2室1厅,66平米,2500
20180827,江岸,黄埔永清,邮局小区,2室1厅,68平米,2300
20180827,江岸,黄埔永清,解放大道1795到1811号,2室1厅,50平米,1800
20180827,江岸,黄埔永清,仁义社区,1室0厅,31平米,5000
20180827,江岸,黄埔永清,仁义社区,2室1厅,52平米,2000
20180827,江岸,黄埔永清,仁义社区,1室1厅,52平米,2200
20180827,江岸,黄埔永清,罗家庄社区,3室1厅,105平米,2600
20180827,江岸,黄埔永清,东亚大厦,3室2厅,140平米,6000
20180827,江岸,黄埔永清,湖边坊社区,3室1厅,93平米,2500
20180827,江岸,黄埔永清,怡景花园,2室1厅,131平米,8000
20180827,江岸,黄埔永清,怡景花园,4室2厅,185平米,14800
20180827,江岸,黄埔永清,武汉天地二期A8,3室2厅,136平米,9000
20180827,江岸,黄埔永清,武汉天地一期A7,3室2厅,158平米,12000
20180827,江岸,黄埔永清,枫丹白鹭,2室1厅,87平米,3200
20180827,江岸,黄埔永清,武汉天地盛荟,3室2厅,149平米,11000
20180827,江岸,黄埔永清,常阳永清城,1室1厅,48平米,3000
20180827,江岸,黄埔永清,胜利街359号,1室1厅,41平米,2400
20180827,江岸,黄埔永清,武汉天地二期A6,3室2厅,131平米,11000
20180827,江岸,黄埔永清,武汉天地二期A10,2室2厅,108平米,7000
20180827,江岸,黄埔永清,长航宿舍,3室1厅,83平米,1600
20180827,江岸,黄埔永清,武汉天地二期A8,2室2厅,114平米,9000
20180827,江岸,黄埔永清,艺苑小区,2室1厅,70平米,2200
20180827,江岸,黄埔永清,怡景花园,4室2厅,245平米,15800
20180827,江岸,黄埔永清,常阳永清城,3室2厅,161平米,6500
20180827,江岸,黄埔永清,江岸区黄家墩,2室1厅,55平米,1800
20180827,江岸,黄埔永清,仁义社区,2室1厅,58平米,2300
20180827,江岸,黄埔永清,武汉天地盛荟,2室2厅,123平米,10000
20180827,江岸,黄埔永清,江岸区黄家墩,3室1厅,73平米,2300
20180827,江岸,黄埔永清,常阳永清城,3室2厅,155平米,6000
20180827,江岸,黄埔永清,常阳永清城,1室1厅,52平米,3500
20180827,江岸,黄埔永清,武汉天地四期B9,2室2厅,103平米,7000
20180827,江岸,黄埔永清,黄浦花园,2室1厅,84平米,2600
20180827,江岸,黄埔永清,解放大道1795到1811号,1室1厅,40平米,1300
20180827,江岸,黄埔永清,怡景花园,3室2厅,175平米,7000
20180827,江岸,黄埔永清,艺苑小区,2室2厅,100平米,2500
20180827,江岸,黄埔永清,常阳永清城,1室1厅,52平米,3300
20180827,江岸,黄埔永清,罗家庄社区,3室1厅,73平米,2300
20180827,江岸,黄埔永清,黄埔东宫,3室0厅,105平米,4000
20180827,江岸,黄埔永清,汉飞青年城,1室1厅,40平米,3200
20180827,江岸,黄埔永清,武汉天地二期A8,2室2厅,114平米,8000
20180827,江岸,黄埔永清,滨江苑一期,2室2厅,112平米,3600
20180827,江岸,黄埔永清,武汉天地一期A7,3室2厅,155平米,13500
20180827,江岸,黄埔永清,武汉天地三期,3室2厅,166平米,23000
20180827,江岸,黄埔永清,常阳永清城,1室1厅,48平米,3000
20180827,江岸,黄埔永清,黄浦花园,2室2厅,86平米,2300
20180827,江岸,黄埔永清,常阳永清城,4室2厅,161平米,6800
20180827,江岸,黄埔永清,汉飞青年城,2室2厅,40平米,2600
20180827,江岸,黄埔永清,汉飞青年城,1室1厅,45平米,2000
20180827,江岸,黄埔永清,怡景花园,5室2厅,220平米,12800
20180827,江岸,黄埔永清,永清小区,1室1厅,53平米,1800
20180827,江岸,黄埔永清,解放大道1795到1811号,1室1厅,35平米,1600
20180827,江岸,黄埔永清,武汉天地二期A6,2室2厅,93平米,6850
20180827,江岸,黄埔永清,永清小区,2室1厅,66平米,2400
20180827,江岸,黄埔永清,富豪公寓,2室1厅,65平米,2400
20180827,江岸,黄埔永清,永清小区,2室1厅,51平米,1800
20180827,江岸,黄埔永清,永清小区,1室1厅,55平米,1800
20180827,江岸,黄埔永清,仁义社区,1室1厅,52平米,1300
20180827,江岸,黄埔永清,常阳永清城,4室2厅,161平米,6500
20180827,江岸,黄埔永清,汉飞青年城,1室1厅,40平米,1800
20180827,江岸,黄埔永清,解放公园路34号,2室1厅,75平米,2500
20180827,江岸,黄埔永清,仁义社区,1室1厅,40平米,2200
20180827,江岸,黄埔永清,罗家庄社区,2室1厅,60平米,2100
20180827,江岸,黄埔永清,永清小区,2室1厅,52平米,2700
20180827,江岸,黄埔永清,永清小区,1室1厅,40平米,1600
20180827,江岸,黄埔永清,永清小区,2室1厅,63平米,3000
20180827,江岸,黄埔永清,武汉天地二期A6,3室2厅,126平米,15000
20180827,江岸,黄埔永清,长江委酒宝荡小区,3室1厅,91平米,2800
20180827,江岸,黄埔永清,解放公园路,2室1厅,85平米,2100
20180827,江岸,黄埔永清,武汉天地二期A6,3室2厅,130平米,13000
20180827,江岸,黄埔永清,武汉天地二期A8,3室2厅,161平米,12000
20180827,江岸,黄埔永清,武汉天地二期A6,3室2厅,120平米,8000
20180827,江岸,黄埔永清,滨江苑一期,3室2厅,131平米,5000
20180827,江岸,黄埔永清,湖边坊社区,2室1厅,70平米,1800
20180827,江岸,黄埔永清,仁义社区,2室1厅,64平米,2450
20180827,江岸,黄埔永清,艺苑小区,2室1厅,68平米,2000
20180827,江岸,黄埔永清,永清小区,2室1厅,70平米,2500
20180827,江岸,黄埔永清,永清小区,1室1厅,40平米,2000
20180827,江岸,黄埔永清,怡景花园,1室0厅,236平米,17000
20180827,江岸,黄埔永清,黄埔东宫,3室2厅,109平米,4000
20180827,江岸,黄埔永清,江岸区黄家墩,2室1厅,85平米,1800
20180827,江岸,黄埔永清,滨江苑一期,3室2厅,132平米,4000
20180827,江岸,黄埔永清,仁义社区,1室1厅,42平米,2200
20180827,江岸,黄埔永清,武汉天地一期A7,3室2厅,160平米,23000
20180827,江岸,黄埔永清,黄埔东宫,2室1厅,63平米,2800
20180827,江岸,黄埔永清,解放大道1795到1811号,3室2厅,100平米,2300
20180827,江岸,黄埔永清,武汉天地一期A7,3室2厅,156平米,13000
20180827,江岸,黄埔永清,楚乐戏苑,3室1厅,110平米,3000
20180827,江岸,黄埔永清,仁义社区,2室1厅,70平米,2700
20180827,江岸,黄埔永清,长航宿舍,2室1厅,96平米,2600
20180827,江岸,黄埔永清,武汉天地二期A8,3室2厅,136平米,9000
20180827,江岸,黄埔永清,武汉天地一期A7,3室2厅,158平米,12000
20180827,江岸,黄埔永清,枫丹白鹭,2室1厅,87平米,3200
20180827,江岸,黄埔永清,武汉天地盛荟,3室2厅,149平米,11000
20180827,江岸,黄埔永清,常阳永清城,1室1厅,48平米,3000
20180827,江岸,黄埔永清,胜利街359号,1室1厅,41平米,2400
20180827,江岸,黄埔永清,武汉天地二期A6,3室2厅,131平米,11000
20180827,江岸,黄埔永清,武汉天地二期A10,2室2厅,108平米,7000
20180827,江岸,黄埔永清,仁义社区,2室1厅,52平米,2000
20180827,江岸,黄埔永清,仁义社区,1室1厅,52平米,2200
20180827,江岸,黄埔永清,罗家庄社区,3室1厅,105平米,2600
20180827,江岸,黄埔永清,武汉天地四期B9,4室2厅,189平米,20000
20180827,江岸,黄埔永清,葡京花园,3室2厅,144平米,4000
20180827,江岸,黄埔永清,武汉天地二期A6,3室2厅,130平米,9000
20180827,江岸,黄埔永清,长航宿舍,3室1厅,83平米,1600
20180827,江岸,黄埔永清,武汉天地二期A8,2室2厅,114平米,9000
20180827,江岸,黄埔永清,怡景花园,4室2厅,245平米,15800
20180827,江岸,黄埔永清,常阳永清城,3室2厅,161平米,6500
20180827,江岸,黄埔永清,解放大道1795到1811号,2室1厅,50平米,1800
20180827,江岸,黄埔永清,解放大道1795到1811号,3室2厅,80平米,3500
20180827,江岸,黄埔永清,光华路7号大院,1室1厅,50平米,1800
20180827,江岸,黄埔永清,武汉天地二期A10,2室2厅,100平米,8000
20180827,江岸,黄埔永清,汉飞青年城,1室0厅,37平米,2000
20180827,江岸,黄埔永清,武汉天地四期B13,3室2厅,157平米,12000
20180827,江岸,黄埔永清,长江委酒宝荡小区,4室2厅,178平米,4500
20180827,江岸,黄埔永清,仁义社区,2室1厅,50平米,1800
20180827,江岸,黄埔永清,粮茂宿舍,1室1厅,56平米,1900
20180827,江岸,黄埔永清,中原大厦,9室9厅,625平米,35000
20180827,江岸,黄埔永清,常阳永清城,1室1厅,52平米,3200
20180827,江岸,黄埔永清,解放大道1795到1811号,2室2厅,81平米,2600
20180827,江岸,黄埔永清,罗家庄社区,2室1厅,60平米,2100
20180827,江岸,黄埔永清,汉飞青年城,2室2厅,40平米,2600
20180827,江岸,黄埔永清,永清小区,2室1厅,65平米,1700
20180827,江岸,黄埔永清,解放大道1795到1811号,1室1厅,35平米,1600
20180827,江岸,黄埔永清,武汉天地二期A6,2室2厅,93平米,6850
20180827,江岸,黄埔永清,武汉天地二期A6,3室2厅,120平米,8000
20180827,江岸,黄埔永清,滨江苑一期,3室2厅,131平米,5000
20180827,江岸,黄埔永清,汉飞青年城,1室1厅,45平米,2000
20180827,江岸,黄埔永清,武汉天地云廷五期,5室2厅,345平米,50000
20180827,江岸,黄埔永清,永清小区,1室1厅,42平米,1800
20180827,江岸,黄埔永清,富豪公寓,2室1厅,65平米,2400
20180827,江岸,黄埔永清,黄浦花园,2室2厅,83平米,2200
20180827,江岸,黄埔永清,解放公园路34号,2室1厅,75平米,2500
20180827,江岸,黄埔永清,仁义社区,1室1厅,40平米,2200
20180827,江岸,黄埔永清,解放公园路,2室1厅,85平米,2100
20180827,江岸,黄埔永清,永清小区,2室1厅,52平米,2700
20180827,江岸,黄埔永清,永清小区,1室1厅,40平米,1600
20180827,江岸,黄埔永清,永清小区,2室1厅,63平米,3000
20180827,江岸,黄埔永清,解放大道1795到1811号,3室2厅,80平米,3500
20180827,江岸,黄埔永清,汉飞青年城,1室0厅,37平米,2000
20180827,江岸,黄埔永清,仁义社区,2室1厅,45平米,2300
20180827,江岸,黄埔永清,湖边坊社区,3室2厅,106平米,3500
20180827,江岸,黄埔永清,常阳永清城,1室1厅,48平米,2700
20180827,江岸,黄埔永清,光华路7号大院,1室1厅,50平米,1800
20180827,江岸,黄埔永清,武汉天地二期A10,2室2厅,100平米,8000
20180827,江岸,黄埔永清,长江委酒宝荡小区,4室2厅,178平米,4500
20180827,江岸,黄埔永清,中原大厦,9室9厅,625平米,35000
20180827,江岸,黄埔永清,常阳永清城,1室1厅,52平米,3200
20180827,江岸,黄埔永清,解放大道1795到1811号,2室2厅,81平米,2600
20180827,江岸,黄埔永清,武汉天地二期A6,3室2厅,120平米,8000
20180827,江岸,黄埔永清,解放大道1795到1811号,2室1厅,66平米,2300
20180827,江岸,黄埔永清,常阳永清城,1室1厅,48平米,3000
20180827,江岸,黄埔永清,罗家庄社区,2室1厅,60平米,1800
20180827,江岸,黄埔永清,仁义社区,1室1厅,40平米,1700
20180827,江岸,黄埔永清,开明小区,3室2厅,116平米,3200
20180827,江岸,黄埔永清,永成精英汇,3室2厅,150平米,4700
20180827,江岸,黄埔永清,常阳永清城,1室1厅,52平米,3100
20180827,江岸,黄埔永清,汉飞青年城,1室1厅,36平米,1900
20180827,江岸,黄埔永清,仁义社区,2室2厅,80平米,3500
20180827,江岸,黄埔永清,名雅居,3室2厅,150平米,6000
20180827,江岸,黄埔永清,枫丹白鹭,2室2厅,140平米,4700
20180827,江岸,黄埔永清,枫丹白鹭,4室1厅,189平米,9000
20180827,江岸,黄埔永清,仁义社区,2室1厅,52平米,2200
20180827,江岸,黄埔永清,汉飞青年城,1室1厅,45平米,2400
20180827,江岸,黄埔永清,武汉天地四期B9,3室2厅,154平米,12000
20180827,江岸,黄埔永清,罗家庄社区,3室1厅,75平米,2500
20180827,江岸,黄埔永清,楚乐戏苑,2室2厅,80平米,2300
20180827,江岸,黄埔永清,常阳永清城,1室1厅,52平米,3200
20180827,江岸,黄埔永清,怡景花园,4室2厅,230平米,20000
20180827,江岸,黄埔永清,黄浦花园,3室1厅,111平米,3500
20180827,江岸,黄埔永清,东亚大厦,7室7厅,519平米,51363
20180827,江岸,黄埔永清,怡景花园,5室1厅,201平米,9500
20180827,江岸,黄埔永清,汉飞青年城,1室1厅,40平米,2100
20180827,江岸,黄埔永清,常阳永清城,3室2厅,137平米,5600
20180827,江岸,黄埔永清,常阳永清城,2室1厅,100平米,5000
20180827,江岸,黄埔永清,武汉天地一期A7,3室2厅,150平米,11000
20180827,江岸,黄埔永清,常阳永清城,2室1厅,98平米,4300
20180827,江岸,黄埔永清,武汉天地三期,4室2厅,309平米,42000
20180827,江岸,黄埔永清,武汉天地盛荟,2室2厅,97平米,8500
20180827,江岸,黄埔永清,武汉天地四期B13,6室2厅,220平米,40000
20180827,江岸,黄埔永清,解放大道1795到1811号,2室1厅,62平米,2200
20180827,江岸,黄埔永清,罗家庄社区,2室2厅,60平米,1800
20180827,江岸,黄埔永清,湖北省邮电通讯设备厂宿舍,3室1厅,105平米,2900
20180827,江岸,黄埔永清,葡京花园,3室2厅,160平米,4200
20180827,江岸,黄埔永清,武汉天地二期A10,3室2厅,136平米,11000
20180827,江岸,黄埔永清,武汉天地二期A8,3室2厅,136平米,9000
20180827,江岸,黄埔永清,武汉天地一期A7,3室2厅,158平米,12000
20180827,江岸,黄埔永清,枫丹白鹭,2室1厅,87平米,3200
20180827,江岸,黄埔永清,武汉天地盛荟,3室2厅,149平米,11000
20180827,江岸,黄埔永清,常阳永清城,1室1厅,48平米,3000
20180827,江岸,黄埔永清,胜利街359号,1室1厅,41平米,2400
20180827,江岸,黄埔永清,武汉天地二期A6,3室2厅,131平米,11000
20180827,江岸,黄埔永清,武汉天地二期A10,2室2厅,108平米,7000
20180827,江岸,黄埔永清,亚安花园,1室1厅,44平米,1700
20180827,江岸,黄埔永清,翠涛苑,3室2厅,130平米,5200
20180827,江岸,黄埔永清,罗家庄社区,1室1厅,45平米,1700
20180827,江岸,黄埔永清,仁义社区,3室2厅,88平米,3000
20180827,江岸,黄埔永清,葡京花园,2室2厅,120平米,2500
20180827,江岸,黄埔永清,武汉天地二期A6,2室2厅,86平米,6800
20180827,江岸,黄埔永清,中原大厦,9室9厅,625平米,35000
20180827,江岸,黄埔永清,常阳永清城,1室1厅,52平米,3200
20180827,江岸,黄埔永清,解放大道1795到1811号,2室2厅,81平米,2600
20180827,江岸,黄埔永清,仁义社区,3室1厅,83平米,3700
20180827,江岸,黄埔永清,武汉天地一期A9,3室2厅,164平米,10000
20180827,江岸,黄埔永清,艺苑小区,2室1厅,58平米,1700
20180827,江岸,黄埔永清,武汉天地一期A9,3室2厅,138平米,10000
20180827,江岸,黄埔永清,湖边坊社区,2室1厅,78平米,2000
20180827,江岸,黄埔永清,富豪公寓,2室1厅,80平米,2000
20180827,江岸,黄埔永清,湖北省邮电通讯设备厂宿舍,2室2厅,88平米,2600
20180827,江岸,黄埔永清,武汉天地一期A9,2室2厅,105平米,7500
20180827,江岸,黄埔永清,永清小区,2室1厅,66平米,1500
20180827,江岸,黄埔永清,常阳永清城,2室1厅,108平米,5000
20180827,江岸,黄埔永清,武汉天地二期A6,2室1厅,86平米,6000
20180827,江岸,黄埔永清,常阳永清城,3室2厅,137平米,5800
20180827,江岸,黄埔永清,汉飞青年城,2室1厅,60平米,2500
20180827,江岸,黄埔永清,武汉天地二期A6,3室2厅,130平米,10000
20180827,江岸,黄埔永清,常阳永清城,4室2厅,195平米,8000
20180827,江岸,黄埔永清,艺苑小区,2室1厅,59平米,2300
20180827,江岸,黄埔永清,武汉天地盛荟,2室2厅,123平米,9000
20180827,江岸,黄埔永清,仁义社区,1室1厅,47平米,2300
20180827,江岸,黄埔永清,武汉天地一期A9,3室2厅,172平米,11000
20180827,江岸,黄埔永清,常阳永清城,1室1厅,52平米,3100
20180827,江岸,黄埔永清,常阳永清城,4室2厅,195平米,8000
20180827,江岸,黄埔永清,开明路46号,2室1厅,72平米,2200
20180827,江岸,黄埔永清,武汉天地一期A9,3室2厅,166平米,13000
20180827,江岸,黄埔永清,富豪公寓,3室2厅,60平米,3300
20180827,江岸,黄埔永清,汉飞青年城,2室1厅,78平米,2600
20180827,江岸,黄埔永清,中南市政院小区,3室2厅,138平米,2800
20180827,江岸,黄埔永清,滨江苑三期,2室2厅,130平米,4000
20180827,江岸,黄埔永清,常阳永清城,1室1厅,52平米,3100
20180827,江岸,黄埔永清,常阳永清城,4室2厅,195平米,8000
20180827,江岸,黄埔永清,汉飞青年城,2室1厅,78平米,2600
20180827,江岸,黄埔永清,富豪公寓,3室2厅,60平米,3300
20180827,江岸,黄埔永清,地铁鑫城,3室1厅,90平米,3500
20180827,江岸,黄埔永清,汉飞青年城,2室1厅,80平米,2500
20180827,江岸,黄埔永清,武汉晚报小区,3室2厅,139平米,3900
20180827,江岸,黄埔永清,武汉天地二期A10,3室2厅,136平米,8000
20180827,江岸,黄埔永清,开明路46号,2室1厅,72平米,2200
20180827,江岸,黄埔永清,中南市政院小区,3室2厅,138平米,2800
20180827,江岸,黄埔永清,武汉天地一期A9,3室2厅,166平米,13000
20180827,江岸,黄埔永清,怡景花园,3室2厅,176平米,12000
20180827,江岸,黄埔永清,滨江苑二期,3室2厅,140平米,4200
20180827,江岸,黄埔永清,滨江苑二期,3室2厅,136平米,4300
20180827,江岸,黄埔永清,滨江苑三期,3室2厅,136平米,4500
20180827,江岸,黄埔永清,怡景花园,4室2厅,203平米,15000
20180827,江岸,黄埔永清,黄浦雅苑,3室2厅,140平米,6000
20180827,江岸,黄埔永清,滨江苑一期,2室2厅,112平米,3600
