20180827,东西湖,将军路,地铁时代常青城,2室1厅,67平米,2500
20180827,东西湖,将军路,新城俊园,2室2厅,90平米,2100
20180827,东西湖,将军路,将军新村四期,2室2厅,98平米,2200
20180827,东西湖,将军路,荣昌花园,2室2厅,99平米,2200
20180827,东西湖,将军路,将军新村四期,2室2厅,96平米,2200
20180827,东西湖,将军路,将军新村二期,3室2厅,120平米,2300
20180827,东西湖,将军路,凯旋名居,2室2厅,86平米,2600
20180827,东西湖,将军路,碧桂园海昌天澜二期,5室2厅,230平米,5000
20180827,东西湖,将军路,鹏海家园,2室1厅,65平米,1800
20180827,东西湖,将军路,伊甸园,2室1厅,75平米,2000
20180827,东西湖,将军路,天纵半岛蓝湾,2室2厅,87平米,2600
20180827,东西湖,将军路,碧桂园海昌天澜三期,3室2厅,102平米,1800
20180827,东西湖,将军路,碧桂园海昌天澜三期,3室2厅,116平米,1500
20180827,东西湖,将军路,碧桂园海昌天澜,3室2厅,114平米,1800
20180827,东西湖,将军路,华星晨龙城,6室2厅,93平米,3300
20180827,东西湖,将军路,华星晨龙城,7室0厅,155平米,1000
20180827,东西湖,将军路,华星晨龙城,4室2厅,130平米,2500
20180827,东西湖,将军路,将军花园,3室1厅,72平米,2300
20180827,东西湖,将军路,鹏海家园,2室1厅,78平米,1600
20180827,东西湖,将军路,华星晨龙城,3室2厅,120平米,2300
20180827,东西湖,将军路,华星晨龙城,3室2厅,174平米,2600
20180827,东西湖,将军路,华星晨龙城,4室2厅,173平米,3200
20180827,东西湖,将军路,凯旋名居,5室1厅,137平米,5500
20180827,东西湖,将军路,凯旋名居,4室1厅,11平米,990
20180827,东西湖,将军路,凯旋名居,4室1厅,13平米,1390
20180827,东西湖,将军路,凯旋名居,3室2厅,105平米,2700
20180827,东西湖,将军路,鹏海家园,3室2厅,200平米,2600
20180827,东西湖,将军路,华星晨龙城,4室2厅,166平米,3000
20180827,东西湖,将军路,将军花园,1室1厅,56平米,1300
20180827,东西湖,将军路,保利公园家,3室2厅,94平米,2800
20180827,东西湖,将军路,将军新村四期,3室2厅,103平米,2600
20180827,东西湖,将军路,凯旋名居,4室1厅,12平米,1390
20180827,东西湖,将军路,福园小区,1室1厅,55平米,1600
20180827,东西湖,将军路,凯旋名居,3室2厅,127平米,1800
20180827,东西湖,将军路,华星晨龙城,4室1厅,95平米,3000
20180827,东西湖,将军路,华星晨龙城,3室2厅,120平米,2300
20180827,东西湖,将军路,凯旋名居,3室2厅,105平米,2700
20180827,东西湖,将军路,鹏海家园,3室2厅,200平米,2600
20180827,东西湖,将军路,华星晨龙城,4室2厅,166平米,3000
20180827,东西湖,将军路,将军花园,1室1厅,56平米,1300
20180827,东西湖,将军路,保利公园家,3室2厅,94平米,2800
20180827,东西湖,将军路,将军新村四期,2室2厅,100平米,2800
20180827,东西湖,将军路,华星晨龙城,3室2厅,174平米,2600
20180827,东西湖,将军路,华星晨龙城,4室2厅,173平米,3200
20180827,东西湖,将军路,凯旋名居,5室1厅,137平米,5500
20180827,东西湖,将军路,凯旋名居,3室1厅,113平米,2600
20180827,东西湖,将军路,将军新村四期,2室2厅,96平米,2000
20180827,东西湖,将军路,将军家苑,3室2厅,114平米,3000
20180827,东西湖,将军路,将军家苑,2室2厅,110平米,2200
20180827,东西湖,将军路,福园小区,2室2厅,80平米,1800
20180827,东西湖,将军路,凯旋名居,4室1厅,13平米,1090
20180827,东西湖,将军路,碧桂园海昌天澜三期,3室1厅,125平米,1300
20180827,东西湖,将军路,凯旋名居,3室1厅,10平米,990
20180827,东西湖,将军路,碧桂园海昌天澜三期,3室2厅,116平米,2000
20180827,东西湖,将军路,碧桂园海昌天澜三期,3室2厅,125平米,1800
20180827,东西湖,将军路,凯旋名居,3室1厅,7平米,890
20180827,东西湖,将军路,碧桂园海昌天澜三期,3室2厅,90平米,2600
20180827,东西湖,将军路,将军家苑,4室2厅,166平米,3200
20180827,东西湖,将军路,凯旋名居,1室0厅,25平米,800
20180827,东西湖,将军路,将军新村四期,2室2厅,100平米,2700
20180827,东西湖,将军路,将军新村四期,3室2厅,110平米,2400
20180827,东西湖,将军路,将军新村四期,2室2厅,96平米,2100
20180827,东西湖,将军路,将军公寓,2室2厅,72平米,1300
20180827,东西湖,将军路,碧桂园海昌天澜三期,3室2厅,124平米,2600
20180827,东西湖,将军路,华星晨龙城,3室2厅,113平米,2600
20180827,东西湖,将军路,地铁时代常青城,2室1厅,67平米,2300
20180827,东西湖,将军路,保利公园家,2室1厅,94平米,2500
20180827,东西湖,将军路,鹏海家园,4室2厅,126平米,2100
20180827,东西湖,将军路,将军家苑,2室2厅,93平米,1800
20180827,东西湖,将军路,将军新村四期,3室2厅,116平米,1500
20180827,东西湖,将军路,将军新村四期,2室2厅,95平米,2000
20180827,东西湖,将军路,将军新村四期,2室2厅,95平米,2000
20180827,东西湖,将军路,华星晨龙城,2室1厅,68平米,1600
20180827,东西湖,将军路,碧桂园海昌天澜二期,3室2厅,120平米,3000
20180827,东西湖,将军路,将军花园,2室2厅,89平米,2000
20180827,东西湖,将军路,将军新村四期,3室2厅,116平米,1500
20180827,东西湖,将军路,凯旋名居,4室1厅,7平米,830
20180827,东西湖,将军路,地铁时代常青城,2室1厅,67平米,1500
20180827,东西湖,将军路,武汉客厅,1室1厅,51平米,1700
20180827,东西湖,将军路,将军新村四期,3室2厅,103平米,2600
20180827,东西湖,将军路,福园小区,1室1厅,55平米,1600
20180827,东西湖,将军路,凯旋名居,3室2厅,127平米,1800
20180827,东西湖,将军路,华星晨龙城,4室1厅,95平米,3000
20180827,东西湖,将军路,地铁时代常青城,3室2厅,120平米,1700
20180827,东西湖,将军路,凯旋名居,4室1厅,12平米,1390
20180827,东西湖,将军路,保利公园家,2室1厅,75平米,2500
20180827,东西湖,将军路,颐和家园,3室2厅,88平米,2200
20180827,东西湖,将军路,愿景城C区,3室1厅,105平米,2800
20180827,东西湖,将军路,华星晨龙城,4室2厅,150平米,3500
20180827,东西湖,将军路,碧桂园海昌天澜三期,3室2厅,117平米,3800
20180827,东西湖,将军路,翠林雅居,2室1厅,92平米,1800
20180827,东西湖,将军路,华星晨龙城,1室1厅,97平米,800
20180827,东西湖,将军路,颐和家园,3室2厅,87平米,2400
20180827,东西湖,将军路,天纵半岛蓝湾,4室2厅,130平米,5000
20180827,东西湖,将军路,华星晨龙城,2室1厅,68平米,1600
20180827,东西湖,将军路,碧桂园海昌天澜,3室1厅,99平米,3300
20180827,东西湖,将军路,华星晨龙城,5室3厅,190平米,4360
20180827,东西湖,将军路,华星晨龙城,2室2厅,85平米,2000
20180827,东西湖,将军路,将军新村三期,4室1厅,118平米,2600
20180827,东西湖,将军路,将军新村四期,3室1厅,90平米,2000
20180827,东西湖,将军路,颐和家园,2室2厅,77平米,1800
20180827,东西湖,将军路,华星晨龙城,4室2厅,140平米,2800
20180827,东西湖,将军路,凯旋名居,3室1厅,106平米,1500
20180827,东西湖,将军路,鹏海家园,2室1厅,78平米,1600
20180827,东西湖,将军路,凯旋名居,4室1厅,11平米,990
20180827,东西湖,将军路,凯旋名居,4室1厅,13平米,1390
20180827,东西湖,将军路,愿景城C区,3室1厅,102平米,2600
20180827,东西湖,将军路,碧桂园海昌天澜二期,4室1厅,206平米,4000
20180827,东西湖,将军路,凯旋名居,3室2厅,105平米,2000
20180827,东西湖,将军路,碧桂园海昌天澜,2室1厅,86平米,1300
20180827,东西湖,将军路,碧桂园海昌天澜三期,3室2厅,117平米,1700
20180827,东西湖,将军路,颐和家园,2室1厅,76平米,2400
20180827,东西湖,将军路,凯旋名居,3室1厅,9平米,990
20180827,东西湖,将军路,碧桂园海昌天澜三期,3室2厅,118平米,3100
20180827,东西湖,将军路,将军新村四期,2室2厅,97平米,2300
20180827,东西湖,将军路,翠林雅居,3室2厅,108平米,2500
20180827,东西湖,将军路,碧桂园海昌天澜三期,3室2厅,90平米,2600
20180827,东西湖,将军路,翠林雅居,3室2厅,130平米,2600
20180827,东西湖,将军路,将军新村三期,5室2厅,80平米,2200
20180827,东西湖,将军路,华星晨龙城,1室0厅,45平米,1200
20180827,东西湖,将军路,碧桂园海昌天澜二期,3室1厅,120平米,3000
20180827,东西湖,将军路,鹏海家园,2室2厅,88平米,2000
20180827,东西湖,将军路,将军花园,2室1厅,83平米,1500
20180827,东西湖,将军路,碧桂园海昌天澜二期,3室2厅,135平米,3500
20180827,东西湖,将军路,颐和家园,2室1厅,90平米,1800
20180827,东西湖,将军路,新城俊园,2室2厅,86平米,3000
20180827,东西湖,将军路,将军新村四期,3室2厅,120平米,2300
20180827,东西湖,将军路,将军新村四期,2室2厅,97平米,2500
20180827,东西湖,将军路,武汉客厅,2室2厅,69平米,2400
20180827,东西湖,将军路,将军花园,2室1厅,76平米,1900
20180827,东西湖,将军路,碧桂园海昌天澜二期,3室2厅,96平米,1500
20180827,东西湖,将军路,碧桂园海昌天澜三期,3室2厅,102平米,3000
20180827,东西湖,将军路,翠林雅居,3室2厅,130平米,2800
20180827,东西湖,将军路,将军家苑,2室1厅,89平米,1800
20180827,东西湖,将军路,将军新村四期,3室1厅,100平米,2000
20180827,东西湖,将军路,碧桂园海昌天澜三期,2室2厅,85平米,1500
20180827,东西湖,将军路,凯旋名居,4室1厅,12平米,1390
20180827,东西湖,将军路,将军新村四期,3室2厅,110平米,2400
20180827,东西湖,将军路,华星晨龙城,3室2厅,113平米,2600
20180827,东西湖,将军路,地铁时代常青城,2室1厅,67平米,2300
20180827,东西湖,将军路,保利公园家,2室1厅,94平米,2500
20180827,东西湖,将军路,碧桂园海昌天澜二期,2室2厅,96平米,2300
20180827,东西湖,将军路,鹏海家园,4室2厅,126平米,2100
20180827,东西湖,将军路,将军家苑,2室2厅,93平米,1800
20180827,东西湖,将军路,将军新村四期,3室2厅,116平米,1500
20180827,东西湖,将军路,将军新村四期,2室2厅,95平米,2000
20180827,东西湖,将军路,将军新村四期,2室2厅,95平米,2000
20180827,东西湖,将军路,碧桂园海昌天澜二期,2室2厅,90平米,2000
20180827,东西湖,将军路,将军新村四期,2室2厅,97平米,2000
20180827,东西湖,将军路,天纵半岛蓝湾,2室2厅,87平米,1500
20180827,东西湖,将军路,碧桂园海昌天澜三期,2室2厅,91平米,2600
20180827,东西湖,将军路,碧桂园海昌天澜二期,3室2厅,120平米,3000
20180827,东西湖,将军路,将军花园,2室2厅,89平米,2000
20180827,东西湖,将军路,将军新村四期,3室2厅,116平米,1500
20180827,东西湖,将军路,将军新村四期,2室2厅,96平米,2100
20180827,东西湖,将军路,将军公寓,2室2厅,72平米,1300
20180827,东西湖,将军路,碧桂园海昌天澜三期,3室2厅,124平米,2600
20180827,东西湖,将军路,武汉客厅,3室3厅,210平米,12000
20180827,东西湖,将军路,碧桂园海昌天澜,3室2厅,130平米,3800
20180827,东西湖,将军路,华星晨龙城,6室2厅,93平米,3300
20180827,东西湖,将军路,华星晨龙城,7室0厅,155平米,1000
20180827,东西湖,将军路,华星晨龙城,4室2厅,130平米,2500
20180827,东西湖,将军路,将军花园,3室1厅,72平米,2300
20180827,东西湖,将军路,华星融城,2室2厅,75平米,1850
20180827,东西湖,将军路,将军新村四期,3室1厅,125平米,2400
20180827,东西湖,将军路,碧桂园海昌天澜,4室2厅,200平米,4200
20180827,东西湖,将军路,将军家苑,3室2厅,98平米,2300
20180827,东西湖,将军路,保利公园家,3室1厅,94平米,2600
20180827,东西湖,将军路,将军新村三期,2室1厅,75平米,2200
20180827,东西湖,将军路,碧桂园海昌天澜三期,3室1厅,92平米,3500
20180827,东西湖,将军路,凯旋名居,2室1厅,87平米,1600
20180827,东西湖,将军路,地铁时代常青城,1室0厅,20平米,1000
20180827,东西湖,将军路,将军花园,2室1厅,84平米,1900
20180827,东西湖,将军路,地铁时代常青城,2室1厅,67平米,2500
20180827,东西湖,将军路,新城俊园,2室2厅,90平米,2100
20180827,东西湖,将军路,将军新村四期,2室2厅,98平米,2200
20180827,东西湖,将军路,保利公园家,3室2厅,110平米,3600
20180827,东西湖,将军路,翠林居,2室2厅,94平米,2100
20180827,东西湖,将军路,凯旋名居,1室1厅,25平米,1300
20180827,东西湖,将军路,华星晨龙城,3室2厅,131平米,2300
20180827,东西湖,将军路,荣昌花园,2室2厅,99平米,2200
20180827,东西湖,将军路,将军新村四期,2室2厅,96平米,2200
20180827,东西湖,将军路,将军新村二期,3室2厅,120平米,2300
20180827,东西湖,将军路,凯旋名居,2室2厅,86平米,2600
20180827,东西湖,将军路,天纵半岛蓝湾,2室2厅,87平米,2600
20180827,东西湖,将军路,伊甸园,2室1厅,75平米,2000
20180827,东西湖,将军路,碧桂园海昌天澜二期,5室2厅,230平米,5000
20180827,东西湖,将军路,鹏海家园,2室1厅,65平米,1800
20180827,东西湖,将军路,碧桂园海昌天澜三期,3室2厅,102平米,1800
20180827,东西湖,将军路,碧桂园海昌天澜三期,3室2厅,116平米,1500
20180827,东西湖,将军路,碧桂园海昌天澜,3室2厅,114平米,1800
20180827,东西湖,将军路,凯旋名居,4室1厅,14平米,1430
20180827,东西湖,将军路,地铁时代常青城,5室2厅,120平米,3600
20180827,东西湖,将军路,翠林雅居,3室2厅,138平米,3000
20180827,东西湖,将军路,将军新村四期,2室2厅,95平米,2400
20180827,东西湖,将军路,颐和家园,3室2厅,86平米,2500
20180827,东西湖,将军路,凯旋名居,4室1厅,13平米,1390
20180827,东西湖,将军路,将军花园,2室1厅,70平米,1600
20180827,东西湖,将军路,鹏海家园,3室2厅,117平米,2400
20180827,东西湖,将军路,碧桂园海昌天澜三期,2室2厅,104平米,2800
20180827,东西湖,将军路,将军花园,3室2厅,138平米,2500
20180827,东西湖,将军路,天纵半岛蓝湾,3室2厅,94平米,3000
20180827,东西湖,将军路,颐和家园,3室1厅,86平米,2400
20180827,东西湖,将军路,将军新村四期,3室2厅,103平米,2700
20180827,东西湖,将军路,保利公园家,3室2厅,95平米,2500
20180827,东西湖,将军路,保利公园家,2室1厅,75平米,1300
20180827,东西湖,将军路,翠林居,2室2厅,150平米,2200
20180827,东西湖,将军路,凯旋名居,4室1厅,10平米,860
20180827,东西湖,将军路,碧桂园海昌天澜二期,3室1厅,97平米,1500
20180827,东西湖,将军路,鹏海家园,4室2厅,144平米,4000
20180827,东西湖,将军路,华星晨龙城,3室2厅,122平米,2000
20180827,东西湖,将军路,将军新村四期,2室2厅,95平米,2400
20180827,东西湖,将军路,凯旋名居,4室1厅,12平米,990
20180827,东西湖,将军路,天纵半岛蓝湾,3室2厅,110平米,2500
20180827,东西湖,将军路,将军新村三期,3室2厅,120平米,2500
20180827,东西湖,将军路,将军新村三期,2室2厅,92平米,2200
20180827,东西湖,将军路,福园小区,2室2厅,80平米,1800
20180827,东西湖,将军路,凯旋名居,4室1厅,13平米,1390
20180827,东西湖,将军路,凯旋名居,4室1厅,7平米,930
20180827,东西湖,将军路,凯旋名居,4室1厅,12平米,990
20180827,东西湖,将军路,凯旋名居,4室1厅,13平米,960
20180827,东西湖,将军路,凯旋名居,3室1厅,9平米,990
20180827,东西湖,将军路,凯旋名居,3室1厅,7平米,860
20180827,东西湖,将军路,碧桂园海昌天澜,3室2厅,90平米,1400
20180827,东西湖,将军路,凯旋名居,5室2厅,222平米,2800
20180827,东西湖,将军路,翠林雅居,3室1厅,138平米,3200
20180827,东西湖,将军路,凯旋名居,2室1厅,87平米,1400
20180827,东西湖,将军路,碧桂园海昌天澜二期,3室1厅,119平米,3000
20180827,东西湖,将军路,地铁时代常青城,2室1厅,67平米,1450
20180827,东西湖,将军路,翠林雅居,2室1厅,56平米,1800
20180827,东西湖,将军路,凯旋名居,4室1厅,10平米,960
20180827,东西湖,将军路,凯旋名居,4室1厅,10平米,990
20180827,东西湖,将军路,华星晨龙城,3室1厅,98平米,2300
20180827,东西湖,将军路,愿景城C区,1室0厅,25平米,800
20180827,东西湖,将军路,天纵半岛蓝湾,3室2厅,126平米,6000
20180827,东西湖,将军路,翠林雅居,3室2厅,108平米,2400
20180827,东西湖,将军路,将军新村四期,1室2厅,116平米,2000
20180827,东西湖,将军路,将军新村四期,2室2厅,92平米,2200
20180827,东西湖,将军路,华星晨龙城,3室2厅,136平米,2500
20180827,东西湖,将军路,愿景城C区,2室2厅,74平米,2300
20180827,东西湖,将军路,地铁时代常青城,2室1厅,67平米,1450
20180827,东西湖,将军路,凯旋名居,4室1厅,10平米,860
20180827,东西湖,将军路,凯旋名居,2室1厅,88平米,1800
20180827,东西湖,将军路,碧桂园海昌天澜二期,3室1厅,119平米,3000
20180827,东西湖,将军路,碧桂园海昌天澜,3室2厅,90平米,1400
20180827,东西湖,将军路,凯旋名居,5室2厅,222平米,2800
20180827,东西湖,将军路,凯旋名居,2室1厅,87平米,1400
20180827,东西湖,将军路,翠林雅居,3室1厅,138平米,3200
20180827,东西湖,将军路,凯旋名居,4室1厅,13平米,1530
20180827,东西湖,将军路,凯旋名居,4室1厅,12平米,1030
20180827,东西湖,将军路,凯旋名居,4室1厅,11平米,1030
20180827,东西湖,将军路,凯旋名居,4室1厅,14平米,1530
20180827,东西湖,将军路,华星晨龙城,3室2厅,122平米,2000
20180827,东西湖,将军路,将军新村四期,2室2厅,95平米,2400
20180827,东西湖,将军路,凯旋名居,4室1厅,13平米,1390
20180827,东西湖,将军路,颐和家园,3室2厅,86平米,2500
20180827,东西湖,将军路,福园小区,2室2厅,80平米,1800
20180827,东西湖,将军路,凯旋名居,4室1厅,13平米,1390
20180827,东西湖,将军路,碧桂园海昌天澜二期,3室1厅,97平米,1500
20180827,东西湖,将军路,凯旋名居,4室1厅,7平米,930
20180827,东西湖,将军路,翠林雅居,2室1厅,56平米,1800
20180827,东西湖,将军路,碧桂园海昌天澜,3室2厅,90平米,1500
20180827,东西湖,将军路,碧桂园海昌天澜二期,3室2厅,132平米,2200
20180827,东西湖,将军路,碧桂园海昌天澜三期,3室2厅,116平米,1750
20180827,东西湖,将军路,碧桂园海昌天澜三期,2室2厅,85平米,1800
20180827,东西湖,将军路,碧桂园海昌天澜,3室2厅,127平米,1500
20180827,东西湖,将军路,碧桂园海昌天澜三期,2室2厅,94平米,1500
20180827,东西湖,将军路,碧桂园海昌天澜三期,2室1厅,91平米,1500
20180827,东西湖,将军路,碧桂园海昌天澜三期,2室2厅,85平米,1500
20180827,东西湖,将军路,碧桂园海昌天澜二期,3室2厅,96平米,1200
20180827,东西湖,将军路,凯旋名居,4室1厅,11平米,1060
20180827,东西湖,将军路,凯旋名居,4室1厅,7平米,890
20180827,东西湖,将军路,凯旋名居,4室1厅,13平米,960
20180827,东西湖,将军路,凯旋名居,3室1厅,10平米,990
20180827,东西湖,将军路,凯旋名居,3室1厅,10平米,1060
20180827,东西湖,将军路,碧桂园海昌天澜二期,3室2厅,122平米,1500
20180827,东西湖,将军路,碧桂园海昌天澜三期,3室2厅,132平米,2000
20180827,东西湖,将军路,将军新村四期,2室2厅,93平米,2000
20180827,东西湖,将军路,华星晨龙城,3室2厅,115平米,2300
20180827,东西湖,将军路,地铁时代常青城,2室2厅,85平米,2600
20180827,东西湖,将军路,碧桂园海昌天澜,3室2厅,90平米,1500
20180827,东西湖,将军路,碧桂园海昌天澜三期,2室2厅,85平米,1500
20180827,东西湖,将军路,碧桂园海昌天澜二期,3室1厅,118平米,1500
20180827,东西湖,将军路,碧桂园海昌天澜二期,3室2厅,96平米,1200
20180827,东西湖,将军路,碧桂园海昌天澜二期,3室2厅,132平米,2200
20180827,东西湖,将军路,碧桂园海昌天澜三期,2室2厅,94平米,1500
20180827,东西湖,将军路,碧桂园海昌天澜三期,2室1厅,91平米,1500
20180827,东西湖,将军路,碧桂园海昌天澜,3室2厅,127平米,1500
20180827,东西湖,将军路,武汉客厅,3室1厅,140平米,3000
20180827,东西湖,将军路,将军新村四期,2室1厅,85平米,2500
20180827,东西湖,将军路,华星晨龙城,3室2厅,120平米,2500
20180827,东西湖,将军路,翠林居,2室2厅,88平米,2000
20180827,东西湖,将军路,碧桂园海昌天澜三期,3室2厅,116平米,1750
20180827,东西湖,将军路,碧桂园海昌天澜三期,2室2厅,85平米,1800
20180827,东西湖,将军路,翠林雅居,3室2厅,108平米,2400
20180827,东西湖,将军路,碧桂园海昌天澜二期,3室2厅,120平米,3300
20180827,东西湖,将军路,地铁时代常青城,3室2厅,117平米,4000
20180827,东西湖,将军路,地铁时代常青城,2室2厅,86平米,2100
20180827,东西湖,将军路,保利公园家,2室1厅,94平米,2000
20180827,东西湖,将军路,碧桂园海昌天澜,1室0厅,50平米,1000
20180827,东西湖,将军路,将军新村四期,2室1厅,100平米,2600
20180827,东西湖,将军路,碧桂园海昌天澜,3室2厅,112平米,2300
20180827,东西湖,将军路,碧桂园海昌天澜二期,1室0厅,18平米,900
20180827,东西湖,将军路,凯旋名居,4室1厅,11平米,930
20180827,东西湖,将军路,凯旋名居,4室1厅,12平米,1060
20180827,东西湖,将军路,凯旋名居,4室1厅,11平米,1160
20180827,东西湖,将军路,凯旋名居,4室1厅,12平米,1460
20180827,东西湖,将军路,凯旋名居,4室1厅,12平米,1030
20180827,东西湖,将军路,凯旋名居,4室1厅,11平米,1060
20180827,东西湖,将军路,凯旋名居,4室1厅,13平米,990
20180827,东西湖,将军路,凯旋名居,4室1厅,13平米,1390
20180827,东西湖,将军路,凯旋名居,4室1厅,11平米,930
20180827,东西湖,将军路,凯旋名居,4室1厅,11平米,960
20180827,东西湖,将军路,凯旋名居,3室1厅,10平米,890
20180827,东西湖,将军路,凯旋名居,3室1厅,10平米,890
20180827,东西湖,将军路,将军新村四期,2室1厅,94平米,2400
20180827,东西湖,将军路,凯旋名居,3室1厅,9平米,1230
20180827,东西湖,将军路,凯旋名居,3室1厅,14平米,1290
20180827,东西湖,将军路,凯旋名居,4室1厅,11平米,1390
20180827,东西湖,将军路,凯旋名居,4室1厅,7平米,860
20180827,东西湖,将军路,凯旋名居,4室1厅,10平米,890
20180827,东西湖,将军路,凯旋名居,4室1厅,7平米,860
20180827,东西湖,将军路,凯旋名居,4室1厅,10平米,890
20180827,东西湖,将军路,凯旋名居,4室1厅,10平米,890
20180827,东西湖,将军路,凯旋名居,4室1厅,10平米,890
20180827,东西湖,将军路,凯旋名居,4室1厅,7平米,860
20180827,东西湖,将军路,凯旋名居,4室1厅,13平米,960
20180827,东西湖,将军路,凯旋名居,4室1厅,10平米,890
20180827,东西湖,将军路,凯旋名居,4室1厅,7平米,860
20180827,东西湖,将军路,凯旋名居,4室1厅,12平米,960
20180827,东西湖,将军路,凯旋名居,4室1厅,10平米,890
