20180827,洪山,南湖沃尔玛,北港佳和云居,1室0厅,20平米,700
20180827,洪山,南湖沃尔玛,成功花园A区,2室2厅,90平米,2300
20180827,洪山,南湖沃尔玛,南湖名都A区,3室0厅,83平米,800
20180827,洪山,南湖沃尔玛,金地格林小城梦茵区,4室2厅,162平米,4500
20180827,洪山,南湖沃尔玛,松涛苑A区,3室2厅,93平米,2100
20180827,洪山,南湖沃尔玛,北港佳和云居,1室1厅,25平米,1500
20180827,洪山,南湖沃尔玛,橙果,2室2厅,94平米,8000
20180827,洪山,南湖沃尔玛,水域天际,2室2厅,80平米,3400
20180827,洪山,南湖沃尔玛,北港佳和云居,3室2厅,120平米,3300
20180827,洪山,南湖沃尔玛,宝安璞园二期,3室1厅,103平米,4000
20180827,洪山,南湖沃尔玛,风华天城枇杷湾,4室1厅,10平米,890
20180827,洪山,南湖沃尔玛,武昌府,2室2厅,80平米,3000
20180827,洪山,南湖沃尔玛,南湖名都B,2室2厅,94平米,3000
20180827,洪山,南湖沃尔玛,水域天际,2室2厅,50平米,2500
20180827,洪山,南湖沃尔玛,南国SOHO,1室1厅,43平米,1950
20180827,洪山,南湖沃尔玛,华锦花园,1室1厅,20平米,700
20180827,洪山,南湖沃尔玛,橙果,1室0厅,58平米,2200
20180827,洪山,南湖沃尔玛,南国SOHO,2室1厅,84平米,2300
20180827,洪山,南湖沃尔玛,华锦花园,2室1厅,85平米,2300
20180827,洪山,南湖沃尔玛,宝安璞园二期,2室2厅,75平米,2600
20180827,洪山,南湖沃尔玛,29街,1室1厅,33平米,1500
20180827,洪山,南湖沃尔玛,风华天城流云湾,2室1厅,95平米,2600
20180827,洪山,南湖沃尔玛,松涛苑D区,3室2厅,87平米,2600
20180827,洪山,南湖沃尔玛,水域天际,2室1厅,55平米,2300
20180827,洪山,南湖沃尔玛,成功花园A区,2室2厅,96平米,2500
20180827,洪山,南湖沃尔玛,松涛苑D区,1室1厅,50平米,1500
20180827,洪山,南湖沃尔玛,武昌府A区,2室2厅,86平米,2600
20180827,洪山,南湖沃尔玛,风华天城同顺坊,4室1厅,11平米,1030
20180827,洪山,南湖沃尔玛,风华天城流云湾,1室0厅,20平米,700
20180827,洪山,南湖沃尔玛,北港佳和云居,3室0厅,25平米,600
20180827,洪山,南湖沃尔玛,29街,1室1厅,39平米,1600
20180827,洪山,南湖沃尔玛,29街,1室1厅,40平米,1600
20180827,洪山,南湖沃尔玛,松涛苑E区,1室0厅,26平米,1200
20180827,洪山,南湖沃尔玛,松涛苑D区,3室2厅,89平米,2200
20180827,洪山,南湖沃尔玛,南湖名都A区,1室0厅,15平米,800
20180827,洪山,南湖沃尔玛,招商雍华府,3室2厅,120平米,2000
20180827,洪山,南湖沃尔玛,南国SOHO,2室1厅,65平米,2000
20180827,洪山,南湖沃尔玛,华锦花园,3室1厅,85平米,2300
20180827,洪山,南湖沃尔玛,武昌府二期,2室2厅,86平米,2800
20180827,洪山,南湖沃尔玛,29街,1室1厅,35平米,1500
20180827,洪山,南湖沃尔玛,南国SOHO,1室0厅,27平米,1600
20180827,洪山,南湖沃尔玛,华锦花园,2室2厅,97平米,2600
20180827,洪山,南湖沃尔玛,采荷居,2室2厅,89平米,1800
20180827,洪山,南湖沃尔玛,宝安璞园三期,2室1厅,65平米,2000
20180827,洪山,南湖沃尔玛,武昌府二期,2室1厅,86平米,2700
20180827,洪山,南湖沃尔玛,江南庭园,3室2厅,98平米,2500
20180827,洪山,南湖沃尔玛,风华天城桃花林,3室2厅,126平米,3500
20180827,洪山,南湖沃尔玛,风华天城祥瑞坊,1室1厅,15平米,1300
20180827,洪山,南湖沃尔玛,招商雍华府,1室0厅,25平米,1300
20180827,洪山,南湖沃尔玛,华锦花园,2室1厅,90平米,2000
20180827,洪山,南湖沃尔玛,29街,1室1厅,33平米,1500
20180827,洪山,南湖沃尔玛,橙果,1室1厅,76平米,3500
20180827,洪山,南湖沃尔玛,武昌府,2室1厅,63平米,2300
20180827,洪山,南湖沃尔玛,橙果,2室1厅,76平米,3500
20180827,洪山,南湖沃尔玛,北港佳和云居,5室1厅,10平米,930
20180827,洪山,南湖沃尔玛,29街,2室2厅,106平米,2100
20180827,洪山,南湖沃尔玛,水域天际,3室2厅,102平米,3600
20180827,洪山,南湖沃尔玛,北港佳和云居,1室0厅,20平米,800
20180827,洪山,南湖沃尔玛,宝安璞园三期,1室0厅,27平米,1450
20180827,洪山,南湖沃尔玛,北港佳和云居,3室2厅,120平米,3000
20180827,洪山,南湖沃尔玛,水域天际,1室1厅,39平米,2000
20180827,洪山,南湖沃尔玛,北港佳和云居,3室2厅,120平米,3200
20180827,洪山,南湖沃尔玛,南国SOHO,2室1厅,70平米,2200
20180827,洪山,南湖沃尔玛,北港佳和云居,1室0厅,25平米,1200
20180827,洪山,南湖沃尔玛,风华天城桃花林,3室2厅,130平米,3000
20180827,洪山,南湖沃尔玛,金地格林小城梦茵区,3室2厅,139平米,4500
20180827,洪山,南湖沃尔玛,武昌府,2室1厅,78平米,2500
20180827,洪山,南湖沃尔玛,29街,2室2厅,80平米,2200
20180827,洪山,南湖沃尔玛,松涛苑E区,5室2厅,125平米,2800
20180827,洪山,南湖沃尔玛,水域天际,4室2厅,30平米,1100
20180827,洪山,南湖沃尔玛,水域天际,1室0厅,30平米,1000
20180827,洪山,南湖沃尔玛,风华天城祥瑞坊,1室0厅,24平米,900
20180827,洪山,南湖沃尔玛,江南庭园,3室2厅,110平米,2500
20180827,洪山,南湖沃尔玛,金地格林小城梦茵区,2室2厅,87平米,3000
20180827,洪山,南湖沃尔玛,松涛苑C区,3室2厅,88平米,2000
20180827,洪山,南湖沃尔玛,橙果,1室0厅,54平米,2200
20180827,洪山,南湖沃尔玛,华锦花园,2室2厅,85平米,2300
20180827,洪山,南湖沃尔玛,29街,1室1厅,40平米,1600
20180827,洪山,南湖沃尔玛,松涛苑E区,1室0厅,26平米,1200
20180827,洪山,南湖沃尔玛,松涛苑D区,3室2厅,89平米,2200
20180827,洪山,南湖沃尔玛,橙果,1室1厅,56平米,2400
20180827,洪山,南湖沃尔玛,武昌府,2室2厅,65平米,2400
20180827,洪山,南湖沃尔玛,华锦花园,2室2厅,90平米,2500
20180827,洪山,南湖沃尔玛,松涛苑C区,3室1厅,88平米,2200
20180827,洪山,南湖沃尔玛,水域天际,2室2厅,85平米,2700
20180827,洪山,南湖沃尔玛,橙果,1室0厅,53平米,2500
20180827,洪山,南湖沃尔玛,水域天际,2室1厅,46平米,2100
20180827,洪山,南湖沃尔玛,南国SOHO520,1室1厅,50平米,1700
20180827,洪山,南湖沃尔玛,南国SOHO,3室2厅,95平米,2800
20180827,洪山,南湖沃尔玛,华锦花园,2室2厅,82平米,2200
20180827,洪山,南湖沃尔玛,南湖名都A区,1室0厅,15平米,800
20180827,洪山,南湖沃尔玛,招商雍华府,3室2厅,120平米,2000
20180827,洪山,南湖沃尔玛,橙果,2室1厅,55平米,3300
20180827,洪山,南湖沃尔玛,松涛苑E区,3室1厅,105平米,2500
20180827,洪山,南湖沃尔玛,南国SOHO,2室1厅,84平米,2800
20180827,洪山,南湖沃尔玛,宝安璞园一期,2室2厅,90平米,2800
20180827,洪山,南湖沃尔玛,华锦花园,2室1厅,90平米,2000
20180827,洪山,南湖沃尔玛,29街,1室1厅,33平米,1500
20180827,洪山,南湖沃尔玛,橙果,1室1厅,76平米,3500
20180827,洪山,南湖沃尔玛,武昌府,2室1厅,63平米,2300
20180827,洪山,南湖沃尔玛,橙果,2室1厅,76平米,3500
20180827,洪山,南湖沃尔玛,水域天际,3室2厅,102平米,3600
20180827,洪山,南湖沃尔玛,橙果,1室1厅,54平米,2500
20180827,洪山,南湖沃尔玛,华锦花园,3室2厅,125平米,2600
20180827,洪山,南湖沃尔玛,宝安璞园一期,1室0厅,20平米,1100
20180827,洪山,南湖沃尔玛,南国SOHO520,1室0厅,50平米,1700
20180827,洪山,南湖沃尔玛,橙果,1室0厅,56平米,2500
20180827,洪山,南湖沃尔玛,松涛苑C区,4室2厅,138平米,3000
20180827,洪山,南湖沃尔玛,南国SOHO,2室1厅,65平米,2000
20180827,洪山,南湖沃尔玛,华锦花园,3室1厅,85平米,2300
20180827,洪山,南湖沃尔玛,武昌府二期,2室2厅,86平米,2800
20180827,洪山,南湖沃尔玛,29街,1室1厅,35平米,1500
20180827,洪山,南湖沃尔玛,华锦花园,2室2厅,97平米,2600
20180827,洪山,南湖沃尔玛,采荷居,2室2厅,89平米,1800
20180827,洪山,南湖沃尔玛,宝安璞园三期,2室1厅,65平米,2000
20180827,洪山,南湖沃尔玛,武昌府二期,2室1厅,86平米,2700
20180827,洪山,南湖沃尔玛,江南庭园,3室2厅,98平米,2500
20180827,洪山,南湖沃尔玛,风华天城桃花林,3室2厅,126平米,3500
20180827,洪山,南湖沃尔玛,橙果,3室1厅,70平米,2800
20180827,洪山,南湖沃尔玛,武昌府二期,1室0厅,42平米,1200
20180827,洪山,南湖沃尔玛,武昌府A区,2室1厅,50平米,1500
20180827,洪山,南湖沃尔玛,风华天城同顺坊,4室1厅,11平米,1130
20180827,洪山,南湖沃尔玛,松涛苑B区,3室2厅,82平米,2500
20180827,洪山,南湖沃尔玛,29街,1室1厅,30平米,1500
20180827,洪山,南湖沃尔玛,武昌府,2室1厅,76平米,2400
20180827,洪山,南湖沃尔玛,华锦花园,1室0厅,20平米,1000
20180827,洪山,南湖沃尔玛,风华天城流云湾,1室0厅,20平米,700
20180827,洪山,南湖沃尔玛,29街,1室1厅,57平米,1850
20180827,洪山,南湖沃尔玛,29街,1室1厅,27平米,1500
20180827,洪山,南湖沃尔玛,29街,2室2厅,50平米,2800
20180827,洪山,南湖沃尔玛,南湖名都B,1室0厅,15平米,500
20180827,洪山,南湖沃尔玛,风华天城同顺坊,4室1厅,16平米,1230
20180827,洪山,南湖沃尔玛,橙果,1室0厅,76平米,3000
20180827,洪山,南湖沃尔玛,南国SOHO,2室1厅,84平米,2500
20180827,洪山,南湖沃尔玛,29街,1室1厅,40平米,1700
20180827,洪山,南湖沃尔玛,南湖名都A区,1室1厅,95平米,1200
20180827,洪山,南湖沃尔玛,水域天际,2室2厅,82平米,2400
20180827,洪山,南湖沃尔玛,华锦花园,5室3厅,210平米,4500
20180827,洪山,南湖沃尔玛,金地格林小城梦茵区,2室2厅,88平米,3500
20180827,洪山,南湖沃尔玛,南湖名都B,3室1厅,109平米,2000
20180827,洪山,南湖沃尔玛,水域天际,2室1厅,72平米,2600
20180827,洪山,南湖沃尔玛,宝安璞园二期,3室1厅,122平米,4000
20180827,洪山,南湖沃尔玛,南湖名都A区,2室1厅,65平米,2000
20180827,洪山,南湖沃尔玛,武昌府二期,2室2厅,86平米,3000
20180827,洪山,南湖沃尔玛,29街,1室1厅,38平米,1700
20180827,洪山,南湖沃尔玛,南湖名都A区,1室0厅,15平米,800
20180827,洪山,南湖沃尔玛,招商雍华府,3室2厅,120平米,2000
20180827,洪山,南湖沃尔玛,南国SOHO,2室1厅,65平米,2000
20180827,洪山,南湖沃尔玛,华锦花园,3室1厅,85平米,2300
20180827,洪山,南湖沃尔玛,武昌府二期,2室2厅,86平米,2800
20180827,洪山,南湖沃尔玛,橙果,1室1厅,56平米,2500
20180827,洪山,南湖沃尔玛,橙果,1室1厅,56平米,2400
20180827,洪山,南湖沃尔玛,武昌府,2室2厅,65平米,2400
20180827,洪山,南湖沃尔玛,华锦花园,2室2厅,90平米,2500
20180827,洪山,南湖沃尔玛,松涛苑C区,3室1厅,88平米,2200
20180827,洪山,南湖沃尔玛,水域天际,2室2厅,85平米,2700
20180827,洪山,南湖沃尔玛,橙果,1室0厅,53平米,2500
20180827,洪山,南湖沃尔玛,29街,1室0厅,15平米,700
20180827,洪山,南湖沃尔玛,金地格林小城梦茵区,2室2厅,105平米,3200
20180827,洪山,南湖沃尔玛,29街,2室1厅,61平米,2600
20180827,洪山,南湖沃尔玛,南湖名都B,2室1厅,51平米,2400
20180827,洪山,南湖沃尔玛,华锦花园,1室0厅,15平米,800
20180827,洪山,南湖沃尔玛,华锦花园,3室2厅,117平米,2500
20180827,洪山,南湖沃尔玛,南湖名都A区,2室2厅,90平米,2600
20180827,洪山,南湖沃尔玛,华锦花园,2室2厅,89平米,2000
20180827,洪山,南湖沃尔玛,橙果,1室1厅,54平米,2500
20180827,洪山,南湖沃尔玛,华锦花园,2室2厅,103平米,2500
20180827,洪山,南湖沃尔玛,南国SOHO,1室0厅,32平米,1600
20180827,洪山,南湖沃尔玛,29街,1室1厅,40平米,1600
20180827,洪山,南湖沃尔玛,松涛苑E区,1室0厅,26平米,1200
20180827,洪山,南湖沃尔玛,松涛苑D区,3室2厅,89平米,2200
20180827,洪山,南湖沃尔玛,南湖名都B,1室0厅,25平米,1050
20180827,洪山,南湖沃尔玛,招商雍华府,3室2厅,95平米,1800
20180827,洪山,南湖沃尔玛,南湖名都A区,2室2厅,94平米,3000
20180827,洪山,南湖沃尔玛,橙果,1室1厅,57平米,2300
20180827,洪山,南湖沃尔玛,南国SOHO,1室1厅,34平米,1700
20180827,洪山,南湖沃尔玛,南国SOHO520,1室1厅,50平米,1650
20180827,洪山,南湖沃尔玛,橙果,1室1厅,55平米,3300
20180827,洪山,南湖沃尔玛,风华天城桃花林,3室2厅,127平米,3000
20180827,洪山,南湖沃尔玛,橙果,1室1厅,59平米,3000
20180827,洪山,南湖沃尔玛,南国SOHO520,1室1厅,50平米,1650
20180827,洪山,南湖沃尔玛,橙果,2室1厅,55平米,3300
20180827,洪山,南湖沃尔玛,松涛苑E区,3室1厅,105平米,2500
20180827,洪山,南湖沃尔玛,南国SOHO,2室1厅,84平米,2800
20180827,洪山,南湖沃尔玛,宝安璞园一期,2室2厅,90平米,2800
20180827,洪山,南湖沃尔玛,29街,1室1厅,30平米,1500
20180827,洪山,南湖沃尔玛,南湖名都B,2室1厅,84平米,2500
20180827,洪山,南湖沃尔玛,水域天际,2室2厅,90平米,2800
20180827,洪山,南湖沃尔玛,南国SOHO520,1室1厅,50平米,1800
20180827,洪山,南湖沃尔玛,北港佳和云居,5室1厅,8平米,1030
20180827,洪山,南湖沃尔玛,南湖名都B,2室2厅,92平米,2800
20180827,洪山,南湖沃尔玛,风华天城祥瑞坊,3室2厅,125平米,2800
20180827,洪山,南湖沃尔玛,成功花园A区,3室2厅,101平米,1900
20180827,洪山,南湖沃尔玛,武昌府二期,2室1厅,89平米,2600
20180827,洪山,南湖沃尔玛,松涛苑A区,3室2厅,87平米,2300
20180827,洪山,南湖沃尔玛,松涛苑E区,1室0厅,25平米,800
20180827,洪山,南湖沃尔玛,武昌府二期,2室2厅,86平米,3500
20180827,洪山,南湖沃尔玛,橙果,1室1厅,58平米,3000
20180827,洪山,南湖沃尔玛,松涛苑B区,3室2厅,80平米,2000
20180827,洪山,南湖沃尔玛,武昌府二期,2室2厅,86平米,2600
20180827,洪山,南湖沃尔玛,橙果,1室1厅,75平米,3000
20180827,洪山,南湖沃尔玛,橙果,1室0厅,59平米,2400
20180827,洪山,南湖沃尔玛,金地格林小城梦茵区,3室2厅,89平米,2800
20180827,洪山,南湖沃尔玛,华锦花园,5室2厅,170平米,5000
20180827,洪山,南湖沃尔玛,成功花园A区,2室2厅,85平米,1800
20180827,洪山,南湖沃尔玛,橙果,2室1厅,75平米,4000
20180827,洪山,南湖沃尔玛,南湖名都A区,2室1厅,65平米,2000
20180827,洪山,南湖沃尔玛,南湖名都B,2室2厅,86平米,3000
20180827,洪山,南湖沃尔玛,风华天城祥瑞坊,2室2厅,92平米,1600
20180827,洪山,南湖沃尔玛,华锦花园,3室2厅,140平米,2600
20180827,洪山,南湖沃尔玛,水域天际,2室1厅,45平米,1900
20180827,洪山,南湖沃尔玛,橙果,2室1厅,54平米,2300
20180827,洪山,南湖沃尔玛,武昌府,3室2厅,104平米,2000
20180827,洪山,南湖沃尔玛,华锦花园,3室2厅,126平米,2800
20180827,洪山,南湖沃尔玛,金地格林小城梦茵区,3室2厅,93平米,2650
20180827,洪山,南湖沃尔玛,宝安璞园二期,2室1厅,70平米,2500
20180827,洪山,南湖沃尔玛,松涛苑C区,3室2厅,35平米,1100
20180827,洪山,南湖沃尔玛,南国SOHO520,2室2厅,51平米,3200
20180827,洪山,南湖沃尔玛,金地格林小城梦茵区,3室2厅,89平米,2800
20180827,洪山,南湖沃尔玛,华锦花园,5室2厅,170平米,5000
20180827,洪山,南湖沃尔玛,成功花园A区,2室2厅,85平米,1800
20180827,洪山,南湖沃尔玛,橙果,2室1厅,75平米,4000
20180827,洪山,南湖沃尔玛,南国SOHO520,1室1厅,50平米,1800
20180827,洪山,南湖沃尔玛,水域天际,2室2厅,49平米,3100
20180827,洪山,南湖沃尔玛,松涛苑D区,2室1厅,78平米,2100
20180827,洪山,南湖沃尔玛,橙果,1室0厅,40平米,2100
20180827,洪山,南湖沃尔玛,华锦花园,2室2厅,103平米,2500
20180827,洪山,南湖沃尔玛,华锦花园,2室1厅,90平米,2600
20180827,洪山,南湖沃尔玛,风华天城桃花林,3室2厅,127平米,2800
20180827,洪山,南湖沃尔玛,水域天际,2室2厅,88平米,2000
20180827,洪山,南湖沃尔玛,水域天际,1室1厅,39平米,2000
20180827,洪山,南湖沃尔玛,北港佳和云居,3室2厅,120平米,3200
20180827,洪山,南湖沃尔玛,南国SOHO,2室1厅,70平米,2200
20180827,洪山,南湖沃尔玛,北港佳和云居,1室0厅,25平米,1200
20180827,洪山,南湖沃尔玛,南湖名都A区,3室0厅,83平米,800
20180827,洪山,南湖沃尔玛,金地格林小城梦茵区,4室2厅,162平米,4500
20180827,洪山,南湖沃尔玛,松涛苑A区,3室2厅,93平米,2100
20180827,洪山,南湖沃尔玛,北港佳和云居,1室1厅,25平米,1500
20180827,洪山,南湖沃尔玛,武昌府二期,2室2厅,84平米,1500
20180827,洪山,南湖沃尔玛,橙果,1室0厅,41平米,2300
20180827,洪山,南湖沃尔玛,橙果,1室1厅,56平米,2000
20180827,洪山,南湖沃尔玛,29街,2室1厅,100平米,2800
20180827,洪山,南湖沃尔玛,武昌府二期,2室2厅,86平米,2600
20180827,洪山,南湖沃尔玛,松涛苑C区,2室1厅,80平米,2000
20180827,洪山,南湖沃尔玛,武昌府二期,2室2厅,84平米,1500
20180827,洪山,南湖沃尔玛,南国SOHO,1室1厅,33平米,1600
20180827,洪山,南湖沃尔玛,武昌府二期,1室1厅,70平米,2100
20180827,洪山,南湖沃尔玛,成功花园A区,2室2厅,90平米,2200
20180827,洪山,南湖沃尔玛,29街,1室1厅,57平米,1850
20180827,洪山,南湖沃尔玛,橙果,1室1厅,58平米,2500
20180827,洪山,南湖沃尔玛,宝安璞园二期,1室0厅,35平米,2100
20180827,洪山,南湖沃尔玛,橙果,1室0厅,45平米,2750
20180827,洪山,南湖沃尔玛,金地格林小城梦茵区,3室2厅,126平米,3800
20180827,洪山,南湖沃尔玛,采荷居,2室2厅,90平米,1850
20180827,洪山,南湖沃尔玛,橙果,1室1厅,53平米,2300
20180827,洪山,南湖沃尔玛,风华天城石榴铺,3室1厅,11平米,1060
20180827,洪山,南湖沃尔玛,南湖名都A区,3室2厅,105平米,2700
20180827,洪山,南湖沃尔玛,橙果,1室1厅,57平米,2300
20180827,洪山,南湖沃尔玛,松涛苑A区,3室2厅,93平米,2600
20180827,洪山,南湖沃尔玛,宝安璞园二期,3室2厅,100平米,4000
20180827,洪山,南湖沃尔玛,鸿瑞佳苑,2室2厅,85平米,2400
20180827,洪山,南湖沃尔玛,水域天际,1室1厅,47平米,2300
20180827,洪山,南湖沃尔玛,橙果,1室0厅,41平米,2300
20180827,洪山,南湖沃尔玛,水域天际,3室2厅,87平米,3700
20180827,洪山,南湖沃尔玛,29街,1室1厅,39平米,1600
20180827,洪山,南湖沃尔玛,南国SOHO520,2室2厅,50平米,3000
20180827,洪山,南湖沃尔玛,华锦花园,3室2厅,120平米,2600
20180827,洪山,南湖沃尔玛,水域天际,3室2厅,114平米,3200
20180827,洪山,南湖沃尔玛,水域天际,2室1厅,80平米,4000
20180827,洪山,南湖沃尔玛,水域天际,2室2厅,57平米,2300
20180827,洪山,南湖沃尔玛,采荷居,2室2厅,90平米,1850
20180827,洪山,南湖沃尔玛,橙果,1室1厅,53平米,2300
20180827,洪山,南湖沃尔玛,宝安璞园二期,3室2厅,100平米,4000
20180827,洪山,南湖沃尔玛,橙果,1室1厅,58平米,2500
20180827,洪山,南湖沃尔玛,宝安璞园二期,1室0厅,35平米,2100
20180827,洪山,南湖沃尔玛,橙果,1室0厅,45平米,2750
20180827,洪山,南湖沃尔玛,金地格林小城梦茵区,3室2厅,126平米,3800
20180827,洪山,南湖沃尔玛,橙果,1室0厅,50平米,2300
20180827,洪山,南湖沃尔玛,橙果,1室1厅,56平米,2000
20180827,洪山,南湖沃尔玛,29街,2室1厅,100平米,2800
20180827,洪山,南湖沃尔玛,武昌府二期,2室2厅,86平米,2600
20180827,洪山,南湖沃尔玛,松涛苑C区,2室1厅,80平米,2000
20180827,洪山,南湖沃尔玛,风华天城石榴铺,3室1厅,11平米,1060
20180827,洪山,南湖沃尔玛,南湖名都A区,3室2厅,105平米,2700
20180827,洪山,南湖沃尔玛,橙果,1室1厅,57平米,2300
20180827,洪山,南湖沃尔玛,松涛苑A区,3室2厅,93平米,2600
20180827,洪山,南湖沃尔玛,宝安璞园一期,3室2厅,140平米,3000
20180827,洪山,南湖沃尔玛,宝安璞园三期,3室1厅,90平米,2500
20180827,洪山,南湖沃尔玛,南湖名都A区,3室2厅,110平米,2800
20180827,洪山,南湖沃尔玛,招商雍华府,3室2厅,122平米,2200
20180827,洪山,南湖沃尔玛,橙果,2室1厅,120平米,5000
20180827,洪山,南湖沃尔玛,松涛苑D区,1室0厅,15平米,700
20180827,洪山,南湖沃尔玛,成功花园A区,3室2厅,133平米,2800
20180827,洪山,南湖沃尔玛,武昌府A区,1室0厅,30平米,1200
20180827,洪山,南湖沃尔玛,29街,1室1厅,60平米,1800
20180827,洪山,南湖沃尔玛,金地格林小城梦茵区,1室1厅,35平米,900
20180827,洪山,南湖沃尔玛,南国SOHO,2室1厅,99平米,2600
20180827,洪山,南湖沃尔玛,宝安璞园三期,3室2厅,95平米,2500
20180827,洪山,南湖沃尔玛,29街,1室1厅,42平米,1500
20180827,洪山,南湖沃尔玛,华锦花园,2室1厅,89平米,2300
20180827,洪山,南湖沃尔玛,南湖名都B,3室2厅,109平米,2800
20180827,洪山,南湖沃尔玛,华锦花园,6室0厅,200平米,700
20180827,洪山,南湖沃尔玛,风华天城橘子洲,2室2厅,90平米,2200
20180827,洪山,南湖沃尔玛,橙果,1室1厅,54平米,2400
20180827,洪山,南湖沃尔玛,橙果,1室1厅,57平米,2500
20180827,洪山,南湖沃尔玛,橙果,1室1厅,54平米,2500
20180827,洪山,南湖沃尔玛,橙果,1室2厅,120平米,5000
20180827,洪山,南湖沃尔玛,水域天际,3室2厅,110平米,3100
20180827,洪山,南湖沃尔玛,水域天际,2室1厅,70平米,2700
20180827,洪山,南湖沃尔玛,松涛苑D区,3室2厅,99平米,3000
20180827,洪山,南湖沃尔玛,29街,1室0厅,82平米,800
20180827,洪山,南湖沃尔玛,佳和龙苑,1室0厅,70平米,750
20180827,洪山,南湖沃尔玛,南湖名都A区,2室1厅,65平米,2300
20180827,洪山,南湖沃尔玛,北港佳和云居,3室2厅,120平米,3300
20180827,洪山,南湖沃尔玛,北港佳和云居,3室2厅,120平米,3000
20180827,洪山,南湖沃尔玛,橙果,2室2厅,69平米,3600
20180827,洪山,南湖沃尔玛,水域天际,1室1厅,25平米,1000
20180827,洪山,南湖沃尔玛,橙果,1室1厅,55平米,3300
20180827,洪山,南湖沃尔玛,风华天城桃花林,3室2厅,127平米,3000
20180827,洪山,南湖沃尔玛,橙果,1室1厅,59平米,3000
20180827,洪山,南湖沃尔玛,松涛苑C区,3室1厅,88平米,2300
20180827,洪山,南湖沃尔玛,金地格林小城梦茵区,1室0厅,20平米,850
20180827,洪山,南湖沃尔玛,29街,2室2厅,34平米,2600
20180827,洪山,南湖沃尔玛,松涛苑A区,3室2厅,89平米,2650
20180827,洪山,南湖沃尔玛,南湖名都A区,1室1厅,20平米,1100
20180827,洪山,南湖沃尔玛,北港佳和云居,3室2厅,120平米,3300
20180827,洪山,南湖沃尔玛,南湖名都B,2室1厅,90平米,2500
20180827,洪山,南湖沃尔玛,29街,2室1厅,52平米,2000
20180827,洪山,南湖沃尔玛,佳和龙苑,2室2厅,83平米,2400
20180827,洪山,南湖沃尔玛,宝安璞园一期,3室2厅,137平米,2800
20180827,洪山,南湖沃尔玛,北港佳和云居,3室1厅,12平米,1160
20180827,洪山,南湖沃尔玛,北港佳和云居,3室1厅,14平米,1260
20180827,洪山,南湖沃尔玛,橙果,1室1厅,50平米,2500
20180827,洪山,南湖沃尔玛,武昌府,3室1厅,79平米,2600
20180827,洪山,南湖沃尔玛,29街,1室1厅,58平米,1600
20180827,洪山,南湖沃尔玛,北港佳和云居,3室1厅,112平米,2500
20180827,洪山,南湖沃尔玛,橙果,1室1厅,57平米,2600
20180827,洪山,南湖沃尔玛,华锦花园,3室2厅,102平米,2800
20180827,洪山,南湖沃尔玛,华锦花园,3室2厅,127平米,4000
20180827,洪山,南湖沃尔玛,风华天城石榴铺,3室1厅,13平米,1160
20180827,洪山,南湖沃尔玛,鸿瑞佳苑,2室1厅,65平米,2200
20180827,洪山,南湖沃尔玛,华锦花园,1室0厅,15平米,900
20180827,洪山,南湖沃尔玛,华锦花园,3室2厅,118平米,2600
20180827,洪山,南湖沃尔玛,江南庭园,3室2厅,119平米,2100
20180827,洪山,南湖沃尔玛,华锦花园,2室2厅,96平米,2500
20180827,洪山,南湖沃尔玛,橙果,2室2厅,45平米,2750
20180827,洪山,南湖沃尔玛,华锦花园,3室2厅,120平米,3200
20180827,洪山,南湖沃尔玛,北港佳和云居,1室0厅,30平米,1300
20180827,洪山,南湖沃尔玛,松涛苑C区,3室2厅,121平米,3500
20180827,洪山,南湖沃尔玛,橙果,1室1厅,58平米,2400
20180827,洪山,南湖沃尔玛,橙果,1室1厅,58平米,2600
20180827,洪山,南湖沃尔玛,南国SOHO520,1室1厅,40平米,1650
20180827,洪山,南湖沃尔玛,南湖名都A区,3室1厅,105平米,3000
20180827,洪山,南湖沃尔玛,橙果,1室1厅,58平米,2500
20180827,洪山,南湖沃尔玛,橙果,1室1厅,53平米,2300
20180827,洪山,南湖沃尔玛,风华天城橘子洲,2室1厅,90平米,2500
20180827,洪山,南湖沃尔玛,武昌府,2室1厅,76平米,2400
20180827,洪山,南湖沃尔玛,南国SOHO520,2室2厅,107平米,3300
20180827,洪山,南湖沃尔玛,水域天际,1室0厅,10平米,800
20180827,洪山,南湖沃尔玛,水域天际,2室1厅,44平米,2200
20180827,洪山,南湖沃尔玛,南湖名都A区,2室2厅,83平米,2500
20180827,洪山,南湖沃尔玛,宝安璞园二期,3室1厅,75平米,2700
20180827,洪山,南湖沃尔玛,武昌府二期,2室2厅,90平米,2900
20180827,洪山,南湖沃尔玛,水域天际,3室2厅,114平米,3400
20180827,洪山,南湖沃尔玛,北港佳和云居,1室0厅,20平米,1100
20180827,洪山,南湖沃尔玛,风华天城橘子洲,2室1厅,90平米,2500
20180827,洪山,南湖沃尔玛,松涛苑D区,3室1厅,93平米,2500
20180827,洪山,南湖沃尔玛,南国SOHO,1室1厅,43平米,1800
20180827,洪山,南湖沃尔玛,水域天际,2室1厅,49平米,2800
20180827,洪山,南湖沃尔玛,29街,2室1厅,57平米,2200
20180827,洪山,南湖沃尔玛,橙果,1室1厅,53平米,2300
20180827,洪山,南湖沃尔玛,29街,1室1厅,42平米,1500
20180827,洪山,南湖沃尔玛,华锦花园,2室1厅,89平米,2300
20180827,洪山,南湖沃尔玛,橙果,1室1厅,60平米,2700
20180827,洪山,南湖沃尔玛,南湖名都A区,3室1厅,105平米,3000
20180827,洪山,南湖沃尔玛,风华天城桃花林,3室2厅,127平米,3000
20180827,洪山,南湖沃尔玛,武昌府,2室1厅,76平米,2400
20180827,洪山,南湖沃尔玛,南国SOHO520,2室2厅,107平米,3300
20180827,洪山,南湖沃尔玛,成功花园A区,3室2厅,100平米,2500
20180827,洪山,南湖沃尔玛,南湖名都A区,2室1厅,65平米,2100
20180827,洪山,南湖沃尔玛,南国SOHO520,1室1厅,44平米,1800
20180827,洪山,南湖沃尔玛,南国SOHO,1室0厅,30平米,1500
20180827,洪山,南湖沃尔玛,南湖名都A区,3室1厅,100平米,3000
20180827,洪山,南湖沃尔玛,华锦花园,3室2厅,108平米,2700
20180827,洪山,南湖沃尔玛,北港佳和云居,3室2厅,20平米,850
20180827,洪山,南湖沃尔玛,南湖名都B,2室2厅,85平米,2600
20180827,洪山,南湖沃尔玛,江南庭园,3室2厅,126平米,2800
20180827,洪山,南湖沃尔玛,水域天际,3室1厅,88平米,2800
20180827,洪山,南湖沃尔玛,水域天际,2室1厅,71平米,2700
20180827,洪山,南湖沃尔玛,南湖名都A区,1室1厅,15平米,800
20180827,洪山,南湖沃尔玛,南国SOHO520,2室2厅,107平米,3300
20180827,洪山,南湖沃尔玛,南湖名都A区,3室2厅,96平米,2800
20180827,洪山,南湖沃尔玛,松涛苑B区,3室2厅,135平米,3000
20180827,洪山,南湖沃尔玛,南国SOHO,3室1厅,99平米,2300
20180827,洪山,南湖沃尔玛,北港佳和云居,3室2厅,20平米,850
20180827,洪山,南湖沃尔玛,华锦花园,3室2厅,108平米,2700
20180827,洪山,南湖沃尔玛,华锦花园,3室2厅,111平米,4500
20180827,洪山,南湖沃尔玛,北港佳和云居,3室1厅,100平米,2600
20180827,洪山,南湖沃尔玛,南湖名都B,2室2厅,85平米,2600
20180827,洪山,南湖沃尔玛,南湖名都A区,1室1厅,15平米,800
20180827,洪山,南湖沃尔玛,水域天际,3室1厅,88平米,2800
20180827,洪山,南湖沃尔玛,水域天际,2室1厅,71平米,2700
20180827,洪山,南湖沃尔玛,鸿瑞佳苑,3室1厅,80平米,2600
20180827,洪山,南湖沃尔玛,江南庭园,3室2厅,126平米,2800
20180827,洪山,南湖沃尔玛,水域天际,4室0厅,96平米,2400
20180827,洪山,南湖沃尔玛,29街,2室1厅,60平米,2300
20180827,洪山,南湖沃尔玛,招商雍华府,4室2厅,147平米,3500
20180827,洪山,南湖沃尔玛,南国SOHO,2室1厅,68平米,2200
20180827,洪山,南湖沃尔玛,北港佳和云居,3室2厅,120平米,2800
20180827,洪山,南湖沃尔玛,橙果,1室1厅,50平米,2300
20180827,洪山,南湖沃尔玛,松涛苑D区,3室2厅,100平米,2500
20180827,洪山,南湖沃尔玛,武昌府,3室2厅,101平米,2700
20180827,洪山,南湖沃尔玛,宝安璞园二期,1室1厅,35平米,1800
20180827,洪山,南湖沃尔玛,成功花园A区,2室2厅,89平米,2000
20180827,洪山,南湖沃尔玛,松涛苑A区,3室1厅,93平米,2600
20180827,洪山,南湖沃尔玛,水域天际,2室2厅,65平米,2700
20180827,洪山,南湖沃尔玛,橙果,1室1厅,72平米,3100
20180827,洪山,南湖沃尔玛,29街,2室1厅,60平米,2400
20180827,洪山,南湖沃尔玛,华锦花园,2室1厅,98平米,2300
20180827,洪山,南湖沃尔玛,松涛苑A区,2室2厅,77平米,2000
20180827,洪山,南湖沃尔玛,水域天际,2室2厅,70平米,2800
20180827,洪山,南湖沃尔玛,橙果,1室1厅,56平米,2300
20180827,洪山,南湖沃尔玛,水域天际,4室0厅,96平米,2400
20180827,洪山,南湖沃尔玛,南国SOHO,2室1厅,68平米,2200
20180827,洪山,南湖沃尔玛,29街,2室1厅,60平米,2300
20180827,洪山,南湖沃尔玛,招商雍华府,4室2厅,147平米,3500
20180827,洪山,南湖沃尔玛,南湖名都A区,2室1厅,59平米,2300
20180827,洪山,南湖沃尔玛,北港佳和云居,3室2厅,120平米,2800
20180827,洪山,南湖沃尔玛,南国SOHO520,1室1厅,49平米,1700
20180827,洪山,南湖沃尔玛,武昌府二期,3室2厅,92平米,1750
20180827,洪山,南湖沃尔玛,成功花园A区,2室1厅,100平米,2200
20180827,洪山,南湖沃尔玛,华锦花园,3室2厅,143平米,3000
20180827,洪山,南湖沃尔玛,金地格林小城梦茵区,3室2厅,127平米,4000
20180827,洪山,南湖沃尔玛,橙果,1室1厅,58平米,2500
20180827,洪山,南湖沃尔玛,华锦花园,2室1厅,90平米,2400
20180827,洪山,南湖沃尔玛,成功花园A区,3室2厅,103平米,2300
20180827,洪山,南湖沃尔玛,松涛苑B区,2室2厅,80平米,2380
20180827,洪山,南湖沃尔玛,松涛苑A区,2室1厅,78平米,2200
20180827,洪山,南湖沃尔玛,风华天城流云湾,2室2厅,93平米,2500
20180827,洪山,南湖沃尔玛,水域天际,1室1厅,40平米,1900
20180827,洪山,南湖沃尔玛,南国SOHO,1室1厅,31平米,1500
