20180827,黄陂,盘龙城,万润橄榄城,2室2厅,81平米,1800
20180827,黄陂,盘龙城,恒大名都,3室2厅,115平米,2000
20180827,黄陂,盘龙城,万博玖珑湾,3室2厅,132平米,1500
20180827,黄陂,盘龙城,恒大名都,3室2厅,128平米,2200
20180827,黄陂,盘龙城,恒大名都,3室2厅,112平米,1800
20180827,黄陂,盘龙城,F天下,4室2厅,360平米,10000
20180827,黄陂,盘龙城,万润橄榄城,3室2厅,110平米,2000
20180827,黄陂,盘龙城,中城时代一期,3室2厅,80平米,1500
20180827,黄陂,盘龙城,汉飞向上城,3室2厅,105平米,2200
20180827,黄陂,盘龙城,天汇龙城,2室1厅,88平米,1000
20180827,黄陂,盘龙城,F天下,4室2厅,310平米,8800
20180827,黄陂,盘龙城,恒大名都,3室1厅,110平米,2200
20180827,黄陂,盘龙城,巢上城御墅,3室2厅,135平米,2200
20180827,黄陂,盘龙城,鼎鑫摩卡小镇,4室2厅,126平米,2200
20180827,黄陂,盘龙城,汉口湖畔,4室2厅,125平米,1200
20180827,黄陂,盘龙城,一品国际,3室2厅,114平米,2200
20180827,黄陂,盘龙城,宝安中国院子,6室2厅,231平米,15000
20180827,黄陂,盘龙城,名流人和天地三期,3室2厅,125平米,1900
20180827,黄陂,盘龙城,万润橄榄城,2室2厅,80平米,1800
20180827,黄陂,盘龙城,珩生领袖城,2室2厅,89平米,2300
20180827,黄陂,盘龙城,名流人和天地四期,3室1厅,68平米,1600
20180827,黄陂,盘龙城,美景天城,3室2厅,105平米,2300
20180827,黄陂,盘龙城,恒大名都,2室2厅,130平米,2200
20180827,黄陂,盘龙城,恒大名都,3室2厅,116平米,2000
20180827,黄陂,盘龙城,F阳光城,3室2厅,140平米,2800
20180827,黄陂,盘龙城,歌林花园三期林语境,3室2厅,98平米,2500
20180827,黄陂,盘龙城,恒大名都,2室2厅,88平米,1800
20180827,黄陂,盘龙城,08经典,3室2厅,110平米,2200
20180827,黄陂,盘龙城,汉口湖畔二期,2室2厅,90平米,1800
20180827,黄陂,盘龙城,日月山水东区,2室2厅,88平米,2000
20180827,黄陂,盘龙城,天纵城,3室2厅,104平米,1000
20180827,黄陂,盘龙城,名流人和天地六期,2室2厅,85平米,1600
20180827,黄陂,盘龙城,天汇龙城二期,3室2厅,108平米,2300
20180827,黄陂,盘龙城,奥莱汇,2室1厅,55平米,1500
20180827,黄陂,盘龙城,盘龙理想城,2室2厅,96平米,2200
20180827,黄陂,盘龙城,巢上城御墅,4室2厅,219平米,3500
20180827,黄陂,盘龙城,万润橄榄城,2室2厅,80平米,1000
20180827,黄陂,盘龙城,天纵城,3室2厅,98平米,1000
20180827,黄陂,盘龙城,中城时代商业街,3室1厅,49平米,2200
20180827,黄陂,盘龙城,万博玖珑湾,3室2厅,100平米,1900
20180827,黄陂,盘龙城,盘龙理想城,3室2厅,108平米,1300
20180827,黄陂,盘龙城,天纵城,3室1厅,90平米,2200
20180827,黄陂,盘龙城,天纵城,3室2厅,93平米,1000
20180827,黄陂,盘龙城,万润橄榄城,3室2厅,98平米,1800
20180827,黄陂,盘龙城,08经典,3室2厅,89平米,1600
20180827,黄陂,盘龙城,恒大名都,3室2厅,109平米,2000
20180827,黄陂,盘龙城,天纵城,1室1厅,46平米,1500
20180827,黄陂,盘龙城,恒大名都,5室2厅,206平米,4000
20180827,黄陂,盘龙城,中城时代二期,3室2厅,83平米,2300
20180827,黄陂,盘龙城,F阳光城,3室2厅,134平米,1500
20180827,黄陂,盘龙城,一品国际,3室2厅,132平米,1000
20180827,黄陂,盘龙城,龙城.天居园,3室2厅,200平米,2000
20180827,黄陂,盘龙城,巢上城锦园,3室2厅,94平米,2400
20180827,黄陂,盘龙城,28街,3室2厅,117平米,2000
20180827,黄陂,盘龙城,F、空港中心城,2室1厅,91平米,2000
20180827,黄陂,盘龙城,天纵城,3室2厅,90平米,1000
20180827,黄陂,盘龙城,恒大名都,4室2厅,143平米,2700
20180827,黄陂,盘龙城,恒大名都,2室1厅,94平米,1000
20180827,黄陂,盘龙城,万润橄榄城,2室2厅,103平米,1600
20180827,黄陂,盘龙城,恒大名都,2室2厅,84平米,1700
20180827,黄陂,盘龙城,汉口湖畔二期,2室2厅,91平米,1800
20180827,黄陂,盘龙城,汉飞向上城,2室1厅,76平米,1600
20180827,黄陂,盘龙城,恒大名都,5室2厅,219平米,3000
20180827,黄陂,盘龙城,汉飞洋房印象,3室2厅,100平米,2000
20180827,黄陂,盘龙城,恒大名都,5室4厅,263平米,2800
20180827,黄陂,盘龙城,恒大名都,3室2厅,108平米,2300
20180827,黄陂,盘龙城,万润橄榄城,3室2厅,98平米,1800
20180827,黄陂,盘龙城,08经典,3室2厅,89平米,1600
20180827,黄陂,盘龙城,恒大名都,3室2厅,109平米,2000
20180827,黄陂,盘龙城,天纵城,1室1厅,46平米,1500
20180827,黄陂,盘龙城,恒大名都,5室2厅,206平米,4000
20180827,黄陂,盘龙城,中城时代二期,3室2厅,83平米,2300
20180827,黄陂,盘龙城,F阳光城,3室2厅,134平米,1500
20180827,黄陂,盘龙城,一品国际,3室2厅,132平米,1000
20180827,黄陂,盘龙城,鼎鑫摩卡小镇,2室2厅,82平米,2000
20180827,黄陂,盘龙城,中城时代二期,3室2厅,80平米,700
20180827,黄陂,盘龙城,美景天城,2室2厅,92平米,1800
20180827,黄陂,盘龙城,万润橄榄城,2室2厅,80平米,1000
20180827,黄陂,盘龙城,日月山水西区,2室2厅,93平米,1900
20180827,黄陂,盘龙城,名流人和天地四期,4室2厅,130平米,2500
20180827,黄陂,盘龙城,天纵颐景康城,2室2厅,107平米,1800
20180827,黄陂,盘龙城,恒大名都,5室2厅,190平米,6000
20180827,黄陂,盘龙城,香奈天鹅湖,3室2厅,57平米,2800
20180827,黄陂,盘龙城,万润橄榄城,2室2厅,80平米,1000
20180827,黄陂,盘龙城,珑璟轩,4室2厅,99平米,2500
20180827,黄陂,盘龙城,万润橄榄城,2室2厅,80平米,1800
20180827,黄陂,盘龙城,恒大名都,3室2厅,115平米,2600
20180827,黄陂,盘龙城,恒大名都,3室2厅,110平米,2100
20180827,黄陂,盘龙城,天纵城,3室2厅,91平米,2200
20180827,黄陂,盘龙城,恒大名都,3室2厅,114平米,2000
20180827,黄陂,盘龙城,奥莱汇,1室1厅,80平米,1600
20180827,黄陂,盘龙城,F、雅园,3室2厅,90平米,1900
20180827,黄陂,盘龙城,名流人和天地六期,3室2厅,89平米,2000
20180827,黄陂,盘龙城,凤凰水岸公馆,2室2厅,84平米,1200
20180827,黄陂,盘龙城,巢上城俊园,2室1厅,80平米,1900
20180827,黄陂,盘龙城,恒大名都,2室2厅,90平米,1800
20180827,黄陂,盘龙城,万润橄榄城,2室1厅,85平米,1850
20180827,黄陂,盘龙城,珩生领袖城,3室1厅,82平米,2000
20180827,黄陂,盘龙城,F阳光城,4室2厅,145平米,2200
20180827,黄陂,盘龙城,万润橄榄城,2室1厅,79平米,2300
20180827,黄陂,盘龙城,F阳光城,4室2厅,140平米,3000
20180827,黄陂,盘龙城,F绿岛,2室2厅,89平米,1000
20180827,黄陂,盘龙城,歌林花园三期林语境,3室1厅,99平米,1800
20180827,黄陂,盘龙城,万博玖珑湾,3室2厅,104平米,2200
20180827,黄陂,盘龙城,恒大名都,3室2厅,99平米,2100
20180827,黄陂,盘龙城,日月山水西区,3室2厅,91平米,1200
20180827,黄陂,盘龙城,F、空港中心城,2室2厅,94平米,2500
20180827,黄陂,盘龙城,日月山水东区,2室2厅,100平米,1800
20180827,黄陂,盘龙城,盘龙新天地一期,3室2厅,137平米,2500
20180827,黄陂,盘龙城,08经典,2室2厅,85平米,1700
20180827,黄陂,盘龙城,恒大名都,4室2厅,144平米,1600
20180827,黄陂,盘龙城,08经典,3室2厅,90平米,1900
20180827,黄陂,盘龙城,天纵颐景康城,3室2厅,108平米,2200
20180827,黄陂,盘龙城,汉飞向上城,3室2厅,100平米,1700
20180827,黄陂,盘龙城,恒大龙城,2室1厅,82平米,2100
20180827,黄陂,盘龙城,F阳光城,2室2厅,90平米,1800
20180827,黄陂,盘龙城,天玺花园,3室2厅,135平米,2500
20180827,黄陂,盘龙城,鼎鑫摩卡小镇,3室2厅,138平米,1500
20180827,黄陂,盘龙城,珩生领袖城,3室2厅,141平米,2800
20180827,黄陂,盘龙城,F、雅园,2室2厅,98平米,2000
20180827,黄陂,盘龙城,天纵城,1室1厅,45平米,1500
20180827,黄陂,盘龙城,F、雅园,3室2厅,96平米,2200
20180827,黄陂,盘龙城,万润橄榄城,2室2厅,79平米,2300
20180827,黄陂,盘龙城,恒大名都,3室2厅,99平米,2000
20180827,黄陂,盘龙城,天纵城,1室1厅,46平米,1600
20180827,黄陂,盘龙城,恒大名都,3室2厅,112平米,3000
20180827,黄陂,盘龙城,名流人和天地五期,3室2厅,88平米,1800
20180827,黄陂,盘龙城,汉口湖畔,2室2厅,75平米,1600
20180827,黄陂,盘龙城,恒大名都,2室1厅,90平米,2000
20180827,黄陂,盘龙城,天纵城,3室2厅,127平米,1500
20180827,黄陂,盘龙城,万润橄榄城,2室2厅,80平米,1200
20180827,黄陂,盘龙城,巢上城锦园,3室2厅,91平米,2000
20180827,黄陂,盘龙城,中城时代二期,3室2厅,105平米,1900
20180827,黄陂,盘龙城,F阳光城,4室2厅,145平米,3000
20180827,黄陂,盘龙城,哥特帝景,3室2厅,95平米,2000
20180827,黄陂,盘龙城,日月山水西区,3室2厅,90平米,2000
20180827,黄陂,盘龙城,龙城懿品,3室2厅,86平米,2000
20180827,黄陂,盘龙城,名流人和天地四期,3室2厅,99平米,1600
20180827,黄陂,盘龙城,F阳光城,3室2厅,125平米,2300
20180827,黄陂,盘龙城,香奈天鹅湖,3室2厅,89平米,2000
20180827,黄陂,盘龙城,08经典,3室2厅,105平米,2300
20180827,黄陂,盘龙城,巢上城锦园,3室2厅,91平米,2300
20180827,黄陂,盘龙城,名流人和天地五期,3室2厅,127平米,1000
20180827,黄陂,盘龙城,恒大名都,3室2厅,109平米,2000
20180827,黄陂,盘龙城,珩生领袖城,4室2厅,158平米,2800
20180827,黄陂,盘龙城,美景天城,3室2厅,103平米,2000
20180827,黄陂,盘龙城,万润橄榄城,2室2厅,78平米,1000
20180827,黄陂,盘龙城,天玺花园,3室2厅,128平米,1500
20180827,黄陂,盘龙城,南德榜样学府,2室1厅,80平米,1300
20180827,黄陂,盘龙城,恒大名都,4室2厅,144平米,2000
20180827,黄陂,盘龙城,美景天城,3室2厅,120平米,2200
20180827,黄陂,盘龙城,F、雅园,2室2厅,85平米,1800
20180827,黄陂,盘龙城,万润橄榄城,2室2厅,79平米,800
20180827,黄陂,盘龙城,天纵城,3室2厅,92平米,1800
20180827,黄陂,盘龙城,名流人和天地五期,2室1厅,89平米,1600
20180827,黄陂,盘龙城,歌林花园,3室2厅,128平米,2200
20180827,黄陂,盘龙城,珩生领袖城,2室1厅,60平米,1700
20180827,黄陂,盘龙城,巢上城锦园,3室2厅,90平米,2500
20180827,黄陂,盘龙城,F阳光城,4室2厅,140平米,3000
20180827,黄陂,盘龙城,F绿岛,2室2厅,89平米,1000
20180827,黄陂,盘龙城,歌林花园三期林语境,3室1厅,99平米,1800
20180827,黄陂,盘龙城,名流公寓,1室1厅,56平米,1600
20180827,黄陂,盘龙城,F、雅园,3室2厅,92平米,1600
20180827,黄陂,盘龙城,歌林花园三期林语境,2室2厅,84平米,1800
20180827,黄陂,盘龙城,天汇龙城,2室2厅,87平米,800
20180827,黄陂,盘龙城,中城时代二期,3室2厅,80平米,1800
20180827,黄陂,盘龙城,巢上城俊园,2室1厅,80平米,1900
20180827,黄陂,盘龙城,08经典,2室2厅,85平米,1700
20180827,黄陂,盘龙城,恒大名都,4室2厅,144平米,1600
20180827,黄陂,盘龙城,08经典,3室2厅,90平米,1900
20180827,黄陂,盘龙城,天纵颐景康城,3室2厅,108平米,2200
20180827,黄陂,盘龙城,天纵城,1室1厅,46平米,1300
20180827,黄陂,盘龙城,恒大龙城,3室2厅,120平米,3000
20180827,黄陂,盘龙城,奥莱汇,1室1厅,80平米,1600
20180827,黄陂,盘龙城,F、雅园,3室2厅,90平米,1900
20180827,黄陂,盘龙城,万润橄榄城,2室2厅,80平米,1800
20180827,黄陂,盘龙城,万润橄榄城,3室2厅,115平米,2600
20180827,黄陂,盘龙城,珩生领袖城,3室2厅,91平米,2100
20180827,黄陂,盘龙城,日月山水西区,3室2厅,91平米,1200
20180827,黄陂,盘龙城,恒大名都,3室2厅,130平米,1500
20180827,黄陂,盘龙城,澜桥康城,3室2厅,128平米,2500
20180827,黄陂,盘龙城,盘龙理想城,2室2厅,83平米,1700
20180827,黄陂,盘龙城,F阳光城,4室2厅,141平米,2600
20180827,黄陂,盘龙城,名流人和天地六期,4室2厅,112平米,2000
20180827,黄陂,盘龙城,万博玖珑湾,3室2厅,104平米,2200
20180827,黄陂,盘龙城,恒大名都,3室2厅,99平米,2100
20180827,黄陂,盘龙城,名流人和天地三期,2室2厅,90平米,1700
20180827,黄陂,盘龙城,F、雅园,3室2厅,90平米,2000
20180827,黄陂,盘龙城,鼎鑫摩卡小镇,4室2厅,150平米,2300
20180827,黄陂,盘龙城,盘龙理想城,3室2厅,132平米,1400
20180827,黄陂,盘龙城,万博玖珑湾,3室2厅,100平米,1000
20180827,黄陂,盘龙城,天纵颐景康城,3室2厅,107平米,2000
20180827,黄陂,盘龙城,万润橄榄城,2室1厅,82平米,900
20180827,黄陂,盘龙城,恒大名都,2室2厅,90平米,1800
20180827,黄陂,盘龙城,万润橄榄城,2室1厅,85平米,1850
20180827,黄陂,盘龙城,珩生领袖城,3室1厅,82平米,2000
20180827,黄陂,盘龙城,F阳光城,4室2厅,145平米,2200
20180827,黄陂,盘龙城,万润橄榄城,2室1厅,79平米,2300
20180827,黄陂,盘龙城,名流人和天地六期,3室2厅,89平米,2000
20180827,黄陂,盘龙城,凤凰水岸公馆,2室2厅,84平米,1200
20180827,黄陂,盘龙城,08经典,3室2厅,110平米,2200
20180827,黄陂,盘龙城,汉口湖畔二期,2室2厅,90平米,1800
20180827,黄陂,盘龙城,日月山水东区,2室2厅,88平米,2000
20180827,黄陂,盘龙城,巢上城俊园,2室2厅,75平米,1900
20180827,黄陂,盘龙城,恒大龙城,2室2厅,74平米,1800
20180827,黄陂,盘龙城,恒大龙城,2室2厅,72平米,1000
20180827,黄陂,盘龙城,巢上城俊园,2室2厅,80平米,1800
20180827,黄陂,盘龙城,珩生领袖城,2室2厅,83平米,1700
20180827,黄陂,盘龙城,F阳光城,2室2厅,90平米,1800
20180827,黄陂,盘龙城,香奈天鹅湖,3室2厅,135平米,2100
20180827,黄陂,盘龙城,08经典,3室2厅,90平米,1900
20180827,黄陂,盘龙城,天纵颐景康城,3室2厅,108平米,2200
20180827,黄陂,盘龙城,名流人和天地六期,3室2厅,89平米,2000
20180827,黄陂,盘龙城,凤凰水岸公馆,2室2厅,84平米,1200
20180827,黄陂,盘龙城,奥莱汇,1室1厅,80平米,1600
20180827,黄陂,盘龙城,F、雅园,3室2厅,90平米,1900
20180827,黄陂,盘龙城,万润橄榄城,2室2厅,80平米,1800
20180827,黄陂,盘龙城,万润橄榄城,3室2厅,115平米,2600
20180827,黄陂,盘龙城,珩生领袖城,3室2厅,91平米,2100
20180827,黄陂,盘龙城,恒大名都,3室2厅,130平米,1500
20180827,黄陂,盘龙城,澜桥康城,3室2厅,128平米,2500
20180827,黄陂,盘龙城,盘龙理想城,2室2厅,83平米,1700
20180827,黄陂,盘龙城,F阳光城,4室2厅,141平米,2600
20180827,黄陂,盘龙城,万润橄榄城,2室1厅,82平米,900
20180827,黄陂,盘龙城,恒大名都,2室2厅,90平米,1800
20180827,黄陂,盘龙城,万润橄榄城,2室1厅,85平米,1850
20180827,黄陂,盘龙城,珩生领袖城,3室1厅,82平米,2000
20180827,黄陂,盘龙城,F阳光城,4室2厅,145平米,2200
20180827,黄陂,盘龙城,万润橄榄城,2室1厅,79平米,2300
20180827,黄陂,盘龙城,万博玖珑湾,3室2厅,100平米,1000
20180827,黄陂,盘龙城,天纵颐景康城,3室2厅,107平米,2000
20180827,黄陂,盘龙城,龙城.天居园,3室2厅,200平米,2000
20180827,黄陂,盘龙城,巢上城锦园,3室2厅,94平米,2400
20180827,黄陂,盘龙城,28街,3室2厅,117平米,2000
20180827,黄陂,盘龙城,F、空港中心城,2室1厅,91平米,2000
20180827,黄陂,盘龙城,天纵城,3室2厅,90平米,1000
20180827,黄陂,盘龙城,恒大名都,4室2厅,143平米,2700
20180827,黄陂,盘龙城,恒大名都,2室1厅,94平米,1000
20180827,黄陂,盘龙城,万润橄榄城,2室2厅,103平米,1600
20180827,黄陂,盘龙城,恒大名都,2室2厅,84平米,1700
20180827,黄陂,盘龙城,日月山水西区,2室2厅,90平米,2000
20180827,黄陂,盘龙城,F绿岛艺墅,4室2厅,123平米,3000
20180827,黄陂,盘龙城,珑璟轩,3室2厅,125平米,3000
20180827,黄陂,盘龙城,恒大龙城,2室2厅,75平米,1700
20180827,黄陂,盘龙城,美景天城,3室2厅,105平米,2300
20180827,黄陂,盘龙城,08经典,3室1厅,96平米,2000
20180827,黄陂,盘龙城,汉飞向上城,3室2厅,115平米,2100
20180827,黄陂,盘龙城,汉口湖畔洋房,4室2厅,139平米,3000
20180827,黄陂,盘龙城,鼎鑫摩卡小镇,2室2厅,83平米,1900
20180827,黄陂,盘龙城,F、空港中心城,3室2厅,105平米,2200
20180827,黄陂,盘龙城,珩生领袖城,3室2厅,115平米,2200
20180827,黄陂,盘龙城,歌林花园三期林语境,3室2厅,100平米,2800
20180827,黄陂,盘龙城,名流人和天地四期,3室2厅,68平米,1800
20180827,黄陂,盘龙城,日月山水西区,2室2厅,90平米,1800
20180827,黄陂,盘龙城,珩生领袖城,6室2厅,153平米,4200
20180827,黄陂,盘龙城,盘龙理想城,3室2厅,94平米,1800
20180827,黄陂,盘龙城,龙城花园,4室2厅,90平米,2500
20180827,黄陂,盘龙城,盘龙理想城,2室2厅,83平米,1000
20180827,黄陂,盘龙城,盘龙新天地一期,2室2厅,91平米,1800
20180827,黄陂,盘龙城,恒大龙城,3室2厅,118平米,2600
20180827,黄陂,盘龙城,歌林花园,3室2厅,126平米,2900
20180827,黄陂,盘龙城,巢上城俊园,1室0厅,15平米,600
20180827,黄陂,盘龙城,天纵城,3室1厅,98平米,1000
20180827,黄陂,盘龙城,兰江公园里,2室2厅,76平米,1000
20180827,黄陂,盘龙城,F学府,3室2厅,108平米,1500
20180827,黄陂,盘龙城,美景天城,2室2厅,80平米,1600
20180827,黄陂,盘龙城,巢上城御墅,3室2厅,92平米,2300
20180827,黄陂,盘龙城,日月山水西区,2室2厅,90平米,1900
20180827,黄陂,盘龙城,恒大名都,2室2厅,84平米,1800
20180827,黄陂,盘龙城,名流人和天地六期,2室2厅,80平米,1000
20180827,黄陂,盘龙城,龙城.天居园,2室1厅,93平米,1900
20180827,黄陂,盘龙城,天纵颐景康城,2室2厅,86平米,1800
20180827,黄陂,盘龙城,中城时代一期,3室2厅,80平米,2000
20180827,黄陂,盘龙城,名流人和天地三期,2室2厅,94平米,1800
20180827,黄陂,盘龙城,奥特莱斯V公寓,2室1厅,80平米,1700
20180827,黄陂,盘龙城,名流人和天地六期,3室1厅,78平米,1900
20180827,黄陂,盘龙城,汉飞向上城,2室2厅,78平米,1800
20180827,黄陂,盘龙城,珑璟轩,4室2厅,260平米,3000
20180827,黄陂,盘龙城,中城时代二期,3室2厅,95平米,1800
20180827,黄陂,盘龙城,名流人和天地四期,3室2厅,98平米,2000
20180827,黄陂,盘龙城,巢上城御墅,2室2厅,88平米,1300
20180827,黄陂,盘龙城,万润橄榄城,3室1厅,121平米,1500
20180827,黄陂,盘龙城,歌林花园,3室2厅,105平米,2200
20180827,黄陂,盘龙城,名流人和天地六期,2室2厅,84平米,1000
20180827,黄陂,盘龙城,巢上城御墅,4室2厅,238平米,2600
20180827,黄陂,盘龙城,恒大名都,3室2厅,128平米,1900
20180827,黄陂,盘龙城,汉飞向上城,2室1厅,70平米,2000
20180827,黄陂,盘龙城,汉口湖畔二期,2室2厅,91平米,1800
20180827,黄陂,盘龙城,汉飞向上城,2室1厅,76平米,1600
20180827,黄陂,盘龙城,F阳光城,2室2厅,90平米,1800
20180827,黄陂,盘龙城,天玺花园,3室2厅,135平米,2500
20180827,黄陂,盘龙城,鼎鑫摩卡小镇,3室2厅,138平米,1500
20180827,黄陂,盘龙城,珩生领袖城,3室2厅,141平米,2800
20180827,黄陂,盘龙城,F、雅园,2室2厅,98平米,2000
20180827,黄陂,盘龙城,歌林花园,3室2厅,136平米,2300
20180827,黄陂,盘龙城,哥特帝景,2室2厅,90平米,2500
20180827,黄陂,盘龙城,天纵颐景康城,3室2厅,149平米,900
20180827,黄陂,盘龙城,万润橄榄城,3室2厅,112平米,1100
20180827,黄陂,盘龙城,万润橄榄城,3室2厅,120平米,1000
20180827,黄陂,盘龙城,巢上城锦园,4室2厅,147平米,1500
20180827,黄陂,盘龙城,名流人和天地五期,3室2厅,87平米,1500
20180827,黄陂,盘龙城,名流人和天地一期,3室2厅,135平米,2000
20180827,黄陂,盘龙城,汉飞向上城,1室1厅,45平米,800
20180827,黄陂,盘龙城,龙城.天居园,3室2厅,94平米,1800
20180827,黄陂,盘龙城,美景天城,2室1厅,70平米,2200
20180827,黄陂,盘龙城,日月山水东区,1室1厅,40平米,1350
20180827,黄陂,盘龙城,龙城.天居园,3室2厅,120平米,2000
20180827,黄陂,盘龙城,恒大龙城,3室2厅,120平米,2600
20180827,黄陂,盘龙城,日月山水西区,2室2厅,90平米,2000
20180827,黄陂,盘龙城,名流公寓,1室1厅,45平米,1600
20180827,黄陂,盘龙城,天汇龙城,3室2厅,98平米,1200
20180827,黄陂,盘龙城,恒大名都,2室2厅,84平米,1800
20180827,黄陂,盘龙城,美景天城,3室2厅,114平米,2200
20180827,黄陂,盘龙城,盘龙新天地一期,3室2厅,137平米,2300
20180827,黄陂,盘龙城,天纵城,1室1厅,45平米,1000
20180827,黄陂,盘龙城,香奈天鹅湖,3室2厅,105平米,2300
20180827,黄陂,盘龙城,恒大名都,2室1厅,98平米,900
20180827,黄陂,盘龙城,F阳光城,3室2厅,127平米,2100
20180827,黄陂,盘龙城,恒大名都,4室2厅,144平米,2500
20180827,黄陂,盘龙城,恒大名都,3室2厅,124平米,2100
20180827,黄陂,盘龙城,天纵颐景康城,3室2厅,149平米,900
20180827,黄陂,盘龙城,万润橄榄城,3室2厅,112平米,1100
20180827,黄陂,盘龙城,万润橄榄城,3室2厅,120平米,1000
20180827,黄陂,盘龙城,巢上城锦园,4室2厅,147平米,1500
20180827,黄陂,盘龙城,恒大名都,4室2厅,153平米,3000
20180827,黄陂,盘龙城,天纵城,1室1厅,46平米,1800
20180827,黄陂,盘龙城,香奈天鹅湖,3室2厅,120平米,2000
20180827,黄陂,盘龙城,F学府,2室2厅,78平米,1800
20180827,黄陂,盘龙城,珩生领袖城,2室2厅,92平米,1800
20180827,黄陂,盘龙城,歌林花园,3室2厅,130平米,1980
20180827,黄陂,盘龙城,恒大名都,3室2厅,125平米,2300
20180827,黄陂,盘龙城,恒大名都,3室2厅,118平米,2200
20180827,黄陂,盘龙城,中城时代二期,3室1厅,100平米,800
20180827,黄陂,盘龙城,恒大名都,3室2厅,138平米,2333
20180827,黄陂,盘龙城,天纵城,3室1厅,118平米,1800
20180827,黄陂,盘龙城,天纵城,1室0厅,43平米,1300
20180827,黄陂,盘龙城,恒大名都,3室2厅,118平米,2400
20180827,黄陂,盘龙城,香奈天鹅湖,4室2厅,121平米,2700
20180827,黄陂,盘龙城,罗纳河谷,4室2厅,161平米,1200
20180827,黄陂,盘龙城,万润橄榄城,2室1厅,80平米,1000
20180827,黄陂,盘龙城,恒大名都,4室2厅,143平米,2500
20180827,黄陂,盘龙城,F阳光城,3室2厅,130平米,2200
20180827,黄陂,盘龙城,天纵城,2室2厅,78平米,1200
20180827,黄陂,盘龙城,日月山水西区,2室2厅,90平米,1800
20180827,黄陂,盘龙城,盘龙水岸沁园,1室1厅,90平米,1300
20180827,黄陂,盘龙城,珩生领袖城,2室2厅,93平米,1800
20180827,黄陂,盘龙城,汉飞向上城,2室2厅,72平米,1800
20180827,黄陂,盘龙城,F、空港中心城,4室2厅,140平米,1600
20180827,黄陂,盘龙城,名流人和天地三期,3室2厅,125平米,1900
20180827,黄陂,盘龙城,万润橄榄城,2室2厅,80平米,1800
20180827,黄陂,盘龙城,珩生领袖城,2室2厅,89平米,2300
20180827,黄陂,盘龙城,名流人和天地四期,3室1厅,68平米,1600
20180827,黄陂,盘龙城,美景天城,3室2厅,105平米,2300
20180827,黄陂,盘龙城,恒大名都,2室2厅,130平米,2200
20180827,黄陂,盘龙城,恒大名都,3室2厅,116平米,2000
20180827,黄陂,盘龙城,F阳光城,3室2厅,140平米,2800
20180827,黄陂,盘龙城,歌林花园三期林语境,3室2厅,98平米,2500
20180827,黄陂,盘龙城,恒大名都,2室2厅,88平米,1800
20180827,黄陂,盘龙城,天纵城,3室2厅,101平米,1000
20180827,黄陂,盘龙城,中城时代二期,3室2厅,80平米,1800
20180827,黄陂,盘龙城,日月山水西区,2室2厅,90平米,1800
20180827,黄陂,盘龙城,盘龙水岸沁园,1室1厅,90平米,1300
20180827,黄陂,盘龙城,珩生领袖城,2室2厅,93平米,1800
20180827,黄陂,盘龙城,名流人和天地六期,3室2厅,110平米,2000
20180827,黄陂,盘龙城,名流人和天地三期,3室2厅,120平米,2000
20180827,黄陂,盘龙城,F、空港中心城,2室2厅,92平米,1000
20180827,黄陂,盘龙城,恒大龙城,3室2厅,118平米,2500
20180827,黄陂,盘龙城,名流人和天地二期,3室2厅,119平米,2100
20180827,黄陂,盘龙城,中城时代五期,5室2厅,78平米,4000
20180827,黄陂,盘龙城,08经典,3室1厅,93平米,1800
20180827,黄陂,盘龙城,名流人和天地五期,2室1厅,67平米,1500
20180827,黄陂,盘龙城,万润橄榄城,2室1厅,81平米,1500
20180827,黄陂,盘龙城,名流人和天地三期,3室2厅,110平米,2300
20180827,黄陂,盘龙城,名流人和天地四期,3室2厅,99平米,1700
20180827,黄陂,盘龙城,名流人和天地五期,3室2厅,127平米,1000
20180827,黄陂,盘龙城,天纵城,3室2厅,98平米,1000
20180827,黄陂,盘龙城,中城时代商业街,3室1厅,49平米,2200
20180827,黄陂,盘龙城,万博玖珑湾,3室2厅,100平米,1900
20180827,黄陂,盘龙城,盘龙理想城,3室2厅,108平米,1300
20180827,黄陂,盘龙城,天纵城,3室1厅,90平米,2200
20180827,黄陂,盘龙城,天纵城,3室2厅,93平米,1000
20180827,黄陂,盘龙城,天汇龙城二期,3室2厅,108平米,2300
20180827,黄陂,盘龙城,奥莱汇,2室1厅,55平米,1500
20180827,黄陂,盘龙城,名流人和天地三期,3室2厅,91平米,1800
20180827,黄陂,盘龙城,天纵城,3室2厅,104平米,1000
20180827,黄陂,盘龙城,名流人和天地六期,2室2厅,85平米,1600
20180827,黄陂,盘龙城,珩生领袖城,2室2厅,100平米,1800
20180827,黄陂,盘龙城,F阳光城,2室2厅,90平米,1800
20180827,黄陂,盘龙城,珩生领袖城,3室2厅,110平米,2200
20180827,黄陂,盘龙城,歌林花园,1室1厅,46平米,1800
20180827,黄陂,盘龙城,日月山水西区,2室2厅,90平米,1750
20180827,黄陂,盘龙城,巢上城锦园,3室2厅,93平米,2200
20180827,黄陂,盘龙城,武汉恒大龙城御湖湾,3室2厅,98平米,2400
20180827,黄陂,盘龙城,名流人和天地六期,2室2厅,84平米,1800
20180827,黄陂,盘龙城,F阳光城,3室2厅,134平米,2500
20180827,黄陂,盘龙城,龙城.天居园,1室1厅,56平米,1700
20180827,黄陂,盘龙城,名流公寓,1室1厅,45平米,1600
20180827,黄陂,盘龙城,天汇龙城二期,2室2厅,85平米,800
20180827,黄陂,盘龙城,F阳光城,2室2厅,69平米,800
20180827,黄陂,盘龙城,美景天城,3室2厅,114平米,2000
20180827,黄陂,盘龙城,名流人和天地五期,3室2厅,87平米,1500
20180827,黄陂,盘龙城,名流人和天地一期,3室2厅,135平米,2000
20180827,黄陂,盘龙城,汉飞向上城,1室1厅,45平米,800
20180827,黄陂,盘龙城,龙城.天居园,3室2厅,94平米,1800
20180827,黄陂,盘龙城,盘龙新天地一期,3室2厅,137平米,2300
20180827,黄陂,盘龙城,天汇龙城,3室2厅,98平米,1200
20180827,黄陂,盘龙城,哥特帝景,3室1厅,120平米,2100
20180827,黄陂,盘龙城,香奈天鹅湖,3室2厅,117平米,800
20180827,黄陂,盘龙城,恒大名都,2室2厅,84平米,1800
20180827,黄陂,盘龙城,美景天城,3室2厅,114平米,2200
20180827,黄陂,盘龙城,名流人和天地一期,3室2厅,115平米,2100
20180827,黄陂,盘龙城,巢上城俊园,3室2厅,89平米,2300
20180827,黄陂,盘龙城,F学府,3室2厅,110平米,2300
20180827,黄陂,盘龙城,恒大名都,3室2厅,114平米,2200
20180827,黄陂,盘龙城,恒大名都,3室2厅,126平米,2200
20180827,黄陂,盘龙城,名流人和天地三期,3室2厅,107平米,2100
20180827,黄陂,盘龙城,武汉恒大龙城御湖湾,3室2厅,132平米,2800
20180827,黄陂,盘龙城,恒大名都,3室2厅,115平米,1800
20180827,黄陂,盘龙城,F绿岛,3室2厅,101平米,2200
20180827,黄陂,盘龙城,歌林花园,2室1厅,96平米,1800
20180827,黄陂,盘龙城,日月山水东区,3室2厅,130平米,1800
20180827,黄陂,盘龙城,08经典,2室2厅,103平米,2000
20180827,黄陂,盘龙城,恒大名都,2室2厅,85平米,1800
20180827,黄陂,盘龙城,恒大名都,2室2厅,86平米,1500
20180827,黄陂,盘龙城,恒大名都,3室2厅,140平米,2000
20180827,黄陂,盘龙城,歌林花园三期林语境,2室2厅,80平米,2500
20180827,黄陂,盘龙城,恒大名都,3室2厅,108平米,2300
20180827,黄陂,盘龙城,华虹领航城,1室1厅,15平米,1100
20180827,黄陂,盘龙城,龙城.天居园,2室2厅,98平米,1700
20180827,黄陂,盘龙城,珩生领袖城,3室2厅,147平米,2200
20180827,黄陂,盘龙城,恒大名都,3室2厅,114平米,1900
20180827,黄陂,盘龙城,名流人和天地五期,3室2厅,127平米,2000
20180827,黄陂,盘龙城,巢上城锦园,3室2厅,91平米,2300
20180827,黄陂,盘龙城,巢上城锦园,3室2厅,100平米,2300
20180827,黄陂,盘龙城,恒大名都,3室2厅,129平米,2300
20180827,黄陂,盘龙城,歌林花园,4室2厅,136平米,1200
20180827,黄陂,盘龙城,名流人和天地六期,2室2厅,85平米,1800
20180827,黄陂,盘龙城,汉口湖畔三期,2室2厅,80平米,2300
20180827,黄陂,盘龙城,恒大名都,2室2厅,97平米,1200
20180827,黄陂,盘龙城,中城时代一期,3室1厅,83平米,2000
20180827,黄陂,盘龙城,恒大名都,3室2厅,125平米,2600
20180827,黄陂,盘龙城,中城时代一期,3室2厅,121平米,2000
20180827,黄陂,盘龙城,万博玖珑湾,3室2厅,139平米,2000
20180827,黄陂,盘龙城,恒大名都,3室2厅,115平米,2200
20180827,黄陂,盘龙城,美景天城,3室1厅,86平米,1800
20180827,黄陂,盘龙城,龙城懿品,3室2厅,127平米,1500
20180827,黄陂,盘龙城,美景天城,4室2厅,213平米,2800
20180827,黄陂,盘龙城,中城时代一期,3室1厅,83平米,2000
20180827,黄陂,盘龙城,天纵城,1室1厅,48平米,2000
20180827,黄陂,盘龙城,名流人和天地四期,4室2厅,150平米,2500
20180827,黄陂,盘龙城,香奈天鹅湖,3室2厅,72平米,2100
20180827,黄陂,盘龙城,名流人和天地五期,3室2厅,121平米,2300
20180827,黄陂,盘龙城,歌林花园,1室0厅,22平米,700
20180827,黄陂,盘龙城,中城时代五期,5室2厅,78平米,4000
20180827,黄陂,盘龙城,08经典,3室1厅,93平米,1800
20180827,黄陂,盘龙城,名流人和天地五期,2室1厅,67平米,1500
20180827,黄陂,盘龙城,万润橄榄城,2室1厅,81平米,1500
20180827,黄陂,盘龙城,名流人和天地三期,3室2厅,110平米,2300
20180827,黄陂,盘龙城,名流人和天地四期,3室2厅,99平米,1700
20180827,黄陂,盘龙城,名流人和天地五期,3室2厅,127平米,1000
20180827,黄陂,盘龙城,珩生领袖城,2室1厅,90平米,1800
20180827,黄陂,盘龙城,08经典,3室1厅,80平米,1800
20180827,黄陂,盘龙城,恒大名都,2室1厅,89平米,2300
20180827,黄陂,盘龙城,恒大名都,3室2厅,124平米,2000
20180827,黄陂,盘龙城,恒大名都,2室2厅,84平米,1800
20180827,黄陂,盘龙城,恒大名都,5室2厅,220平米,4500
20180827,黄陂,盘龙城,名流人和天地三期,3室2厅,91平米,1800
20180827,黄陂,盘龙城,天纵城,3室2厅,104平米,1000
20180827,黄陂,盘龙城,名流人和天地六期,2室2厅,85平米,1600
20180827,黄陂,盘龙城,珩生领袖城,2室2厅,100平米,1800
20180827,黄陂,盘龙城,F阳光城,2室2厅,90平米,1800
20180827,黄陂,盘龙城,珩生领袖城,3室2厅,110平米,2200
20180827,黄陂,盘龙城,天纵城,3室2厅,98平米,1000
20180827,黄陂,盘龙城,中城时代商业街,3室1厅,49平米,2200
20180827,黄陂,盘龙城,万博玖珑湾,3室2厅,100平米,1900
20180827,黄陂,盘龙城,盘龙理想城,3室2厅,108平米,1300
20180827,黄陂,盘龙城,天纵城,3室1厅,90平米,2200
20180827,黄陂,盘龙城,天纵城,3室2厅,93平米,1000
20180827,黄陂,盘龙城,珩生领袖城,3室1厅,89平米,1900
20180827,黄陂,盘龙城,F、空港中心城,3室2厅,97平米,2200
20180827,黄陂,盘龙城,恒大名都,2室2厅,93平米,1500
20180827,黄陂,盘龙城,恒大名都,2室2厅,94平米,1800
20180827,黄陂,盘龙城,08经典,3室2厅,110平米,1850
20180827,黄陂,盘龙城,万润橄榄城,2室2厅,98平米,1000
20180827,黄陂,盘龙城,万润橄榄城,2室2厅,80平米,2000
20180827,黄陂,盘龙城,恒大名都,2室2厅,85平米,1800
20180827,黄陂,盘龙城,华虹领航城,1室1厅,56平米,1300
20180827,黄陂,盘龙城,歌林花园,2室2厅,96平米,2000
20180827,黄陂,盘龙城,万润橄榄城,2室1厅,79平米,1000
20180827,黄陂,盘龙城,恒大名都,3室2厅,124平米,2300
20180827,黄陂,盘龙城,天纵城,3室2厅,108平米,1900
20180827,黄陂,盘龙城,美景天城,3室2厅,120平米,1800
20180827,黄陂,盘龙城,恒大名都,2室2厅,84平米,1800
20180827,黄陂,盘龙城,名流人和天地一期,3室2厅,115平米,1800
20180827,黄陂,盘龙城,名流人和天地三期,2室1厅,95平米,1800
20180827,黄陂,盘龙城,天纵城,1室1厅,46平米,1500
20180827,黄陂,盘龙城,恒大名都,3室2厅,99平米,2100
20180827,黄陂,盘龙城,美景天城,2室2厅,81平米,1600
20180827,黄陂,盘龙城,武汉恒大龙城御湖湾,3室2厅,127平米,2600
20180827,黄陂,盘龙城,天玺花园,3室2厅,139平米,2700
20180827,黄陂,盘龙城,恒大名都,3室2厅,115平米,1400
20180827,黄陂,盘龙城,恒大名都,3室2厅,110平米,2400
20180827,黄陂,盘龙城,F阳光城,4室2厅,145平米,3000
20180827,黄陂,盘龙城,恒达盘龙湾荷苑,3室1厅,96平米,2200
20180827,黄陂,盘龙城,美景天城,3室2厅,135平米,2200
20180827,黄陂,盘龙城,恒大名都,3室2厅,110平米,2100
20180827,黄陂,盘龙城,恒大名都,3室2厅,135平米,2600
20180827,黄陂,盘龙城,恒大名都,2室2厅,85平米,1600
20180827,黄陂,盘龙城,南德榜样学府,2室2厅,80平米,1300
20180827,黄陂,盘龙城,一品国际,3室2厅,114平米,2200
20180827,黄陂,盘龙城,宝安中国院子,6室2厅,231平米,15000
20180827,黄陂,盘龙城,万润橄榄城,3室3厅,111平米,2300
20180827,黄陂,盘龙城,恒大名都,3室2厅,115平米,2600
20180827,黄陂,盘龙城,名流人和天地六期,3室2厅,110平米,2000
20180827,黄陂,盘龙城,名流人和天地三期,3室2厅,120平米,2000
20180827,黄陂,盘龙城,F、空港中心城,2室2厅,92平米,1000
20180827,黄陂,盘龙城,恒大龙城,3室2厅,118平米,2500
20180827,黄陂,盘龙城,名流人和天地二期,3室2厅,119平米,2100
20180827,黄陂,盘龙城,歌林花园,2室2厅,95平米,2000
20180827,黄陂,盘龙城,名流人和天地四期,4室3厅,149平米,2100
20180827,黄陂,盘龙城,汉飞向上城,2室2厅,70平米,2000
20180827,黄陂,盘龙城,恒达盘龙湾桂苑,5室3厅,270平米,4500
20180827,黄陂,盘龙城,天纵城,1室1厅,47平米,1600
20180827,黄陂,盘龙城,万润橄榄城,3室1厅,112平米,2400
20180827,黄陂,盘龙城,天纵城,2室2厅,80平米,1800
20180827,黄陂,盘龙城,鼎鑫摩卡小镇,3室2厅,121平米,1500
20180827,黄陂,盘龙城,盘龙新天地一期,3室2厅,118平米,1850
20180827,黄陂,盘龙城,08经典,3室2厅,110平米,2200
20180827,黄陂,盘龙城,罗纳河谷,4室2厅,153平米,2500
20180827,黄陂,盘龙城,歌林花园,2室2厅,92平米,1900
20180827,黄陂,盘龙城,恒大名都,3室2厅,125平米,2200
20180827,黄陂,盘龙城,恒大名都,3室2厅,138平米,2600
20180827,黄陂,盘龙城,万润橄榄城,2室1厅,79平米,2000
20180827,黄陂,盘龙城,万润橄榄城,1室1厅,80平米,2000
20180827,黄陂,盘龙城,美景天城,2室1厅,108平米,2400
20180827,黄陂,盘龙城,歌林花园,2室1厅,92平米,1800
20180827,黄陂,盘龙城,恒大名都,2室2厅,91平米,1800
20180827,黄陂,盘龙城,珑璟轩,4室2厅,125平米,3000
20180827,黄陂,盘龙城,08经典,3室2厅,90平米,1800
20180827,黄陂,盘龙城,歌林花园,3室2厅,105平米,1900
20180827,黄陂,盘龙城,珩生领袖城,3室2厅,119平米,2200
20180827,黄陂,盘龙城,香奈天鹅湖,3室2厅,72平米,2100
20180827,黄陂,盘龙城,名流人和天地五期,3室2厅,121平米,2300
20180827,黄陂,盘龙城,歌林花园,1室0厅,22平米,700
20180827,黄陂,盘龙城,日月山水西区,2室1厅,80平米,2000
20180827,黄陂,盘龙城,未来海岸,5室2厅,240平米,10000
20180827,黄陂,盘龙城,恒大名都,2室2厅,84平米,1600
20180827,黄陂,盘龙城,名流人和天地五期,3室2厅,128平米,2000
20180827,黄陂,盘龙城,未来海岸,2室2厅,99平米,1000
20180827,黄陂,盘龙城,恒大名都,4室2厅,144平米,2000
20180827,黄陂,盘龙城,天纵城,3室2厅,101平米,1000
20180827,黄陂,盘龙城,恒大名都,3室2厅,117平米,2600
20180827,黄陂,盘龙城,盘龙新天地一期,3室2厅,130平米,1800
20180827,黄陂,盘龙城,万润橄榄城,2室2厅,80平米,1000
20180827,黄陂,盘龙城,珩生领袖城,2室2厅,92平米,2000
20180827,黄陂,盘龙城,名流人和天地五期,3室2厅,91平米,2100
20180827,黄陂,盘龙城,名流人和天地四期,3室1厅,90平米,1700
20180827,黄陂,盘龙城,珩生领袖城,2室1厅,91平米,2000
20180827,黄陂,盘龙城,恒大龙城,2室2厅,85平米,2200
20180827,黄陂,盘龙城,万润橄榄城,2室2厅,80平米,1200
20180827,黄陂,盘龙城,天纵城,3室1厅,92平米,1000
20180827,黄陂,盘龙城,恒大名都,2室2厅,84平米,1500
20180827,黄陂,盘龙城,歌林花园,3室2厅,106平米,2800
20180827,黄陂,盘龙城,F阳光城,3室2厅,134平米,2200
20180827,黄陂,盘龙城,天纵城,2室2厅,80平米,2000
20180827,黄陂,盘龙城,日月山水西区,3室1厅,100平米,2000
20180827,黄陂,盘龙城,天纵城,2室2厅,78平米,1800
20180827,黄陂,盘龙城,歌林花园,3室2厅,106平米,2200
20180827,黄陂,盘龙城,名流人和天地一期,2室1厅,92平米,1600
20180827,黄陂,盘龙城,名流人和天地五期,2室2厅,86平米,1600
20180827,黄陂,盘龙城,巢上城锦园,2室2厅,100平米,2200
20180827,黄陂,盘龙城,日月山水西区,2室1厅,80平米,2000
20180827,黄陂,盘龙城,未来海岸,5室2厅,240平米,10000
20180827,黄陂,盘龙城,恒大名都,2室2厅,84平米,1600
20180827,黄陂,盘龙城,名流人和天地五期,3室2厅,128平米,2000
20180827,黄陂,盘龙城,万润橄榄城,2室2厅,80平米,1200
20180827,黄陂,盘龙城,巢上城锦园,3室2厅,91平米,2000
20180827,黄陂,盘龙城,中城时代二期,3室2厅,105平米,1900
20180827,黄陂,盘龙城,F阳光城,4室2厅,145平米,3000
20180827,黄陂,盘龙城,哥特帝景,3室2厅,95平米,2000
20180827,黄陂,盘龙城,日月山水西区,3室2厅,90平米,2000
20180827,黄陂,盘龙城,龙城懿品,3室2厅,86平米,2000
20180827,黄陂,盘龙城,名流人和天地四期,3室2厅,99平米,1600
20180827,黄陂,盘龙城,F阳光城,3室2厅,125平米,2300
20180827,黄陂,盘龙城,香奈天鹅湖,3室2厅,89平米,2000
20180827,黄陂,盘龙城,08经典,3室2厅,105平米,2300
20180827,黄陂,盘龙城,美景天城,2室2厅,81平米,1600
20180827,黄陂,盘龙城,武汉恒大龙城御湖湾,3室2厅,127平米,2600
20180827,黄陂,盘龙城,天玺花园,3室2厅,139平米,2700
20180827,黄陂,盘龙城,恒大名都,3室2厅,115平米,1400
20180827,黄陂,盘龙城,恒大名都,3室2厅,110平米,2400
20180827,黄陂,盘龙城,F阳光城,4室2厅,145平米,3000
20180827,黄陂,盘龙城,恒达盘龙湾荷苑,3室1厅,96平米,2200
20180827,黄陂,盘龙城,美景天城,3室2厅,135平米,2200
20180827,黄陂,盘龙城,恒大名都,3室2厅,110平米,2100
20180827,黄陂,盘龙城,恒大名都,3室2厅,135平米,2600
20180827,黄陂,盘龙城,恒大名都,2室2厅,85平米,1600
20180827,黄陂,盘龙城,南德榜样学府,2室2厅,80平米,1300
20180827,黄陂,盘龙城,名流人和天地三期,2室1厅,93平米,800
20180827,黄陂,盘龙城,F学府,2室2厅,91平米,2000
20180827,黄陂,盘龙城,龙城尚品,2室2厅,90平米,1700
20180827,黄陂,盘龙城,盘龙新天地一期,3室2厅,130平米,1800
20180827,黄陂,盘龙城,万润橄榄城,2室2厅,80平米,1000
20180827,黄陂,盘龙城,珩生领袖城,2室2厅,92平米,2000
20180827,黄陂,盘龙城,未来海岸,2室2厅,99平米,1000
20180827,黄陂,盘龙城,恒大名都,4室2厅,144平米,2000
20180827,黄陂,盘龙城,歌林花园三期林语境,3室2厅,98平米,1200
20180827,黄陂,盘龙城,恒大名都,4室2厅,143平米,1500
20180827,黄陂,盘龙城,名流人和天地五期,2室2厅,108平米,2000
20180827,黄陂,盘龙城,歌林花园三期林语境,2室2厅,126平米,3500
20180827,黄陂,盘龙城,名流人和天地四期,3室2厅,125平米,1300
20180827,黄陂,盘龙城,恒大名都,3室1厅,129平米,2200
20180827,黄陂,盘龙城,巢上城锦园,3室2厅,94平米,2300
20180827,黄陂,盘龙城,天纵城,2室2厅,78平米,1800
20180827,黄陂,盘龙城,恒大名都,3室1厅,115平米,1900
20180827,黄陂,盘龙城,恒大名都,2室1厅,84平米,1700
20180827,黄陂,盘龙城,盘龙新天地二期,2室1厅,110平米,2100
20180827,黄陂,盘龙城,盘龙理想城,2室2厅,82平米,1200
20180827,黄陂,盘龙城,中城时代二期,3室1厅,101平米,2100
20180827,黄陂,盘龙城,巢上城锦园,3室2厅,123平米,2000
20180827,黄陂,盘龙城,汉口湖畔,4室2厅,131平米,2400
20180827,黄陂,盘龙城,日月山水西区,2室2厅,97平米,1800
20180827,黄陂,盘龙城,F绿岛,3室1厅,86平米,1500
20180827,黄陂,盘龙城,恒大名都,3室2厅,117平米,2600
20180827,黄陂,盘龙城,日月山水西区,2室1厅,80平米,2000
20180827,黄陂,盘龙城,未来海岸,5室2厅,240平米,10000
20180827,黄陂,盘龙城,恒大名都,2室2厅,84平米,1600
20180827,黄陂,盘龙城,名流人和天地五期,3室2厅,128平米,2000
20180827,黄陂,盘龙城,名流人和天地五期,2室2厅,89平米,1800
20180827,黄陂,盘龙城,天纵城,3室2厅,116平米,2200
20180827,黄陂,盘龙城,F、空港中心城,3室1厅,93平米,2000
20180827,黄陂,盘龙城,龙城.天居园,3室1厅,100平米,2050
20180827,黄陂,盘龙城,巢上城锦园,2室2厅,100平米,2200
20180827,黄陂,盘龙城,恒大名都,3室2厅,116平米,2400
20180827,黄陂,盘龙城,恒大名都,3室2厅,128平米,1800
20180827,黄陂,盘龙城,F阳光城,2室2厅,97平米,1750
20180827,黄陂,盘龙城,珩生领袖城,3室2厅,142平米,2300
20180827,黄陂,盘龙城,美景天城,2室2厅,86平米,1700
20180827,黄陂,盘龙城,万润橄榄城,1室1厅,49平米,1600
20180827,黄陂,盘龙城,歌林花园,3室2厅,105平米,2300
20180827,黄陂,盘龙城,未来海岸,2室2厅,86平米,800
20180827,黄陂,盘龙城,珩生领袖城,3室2厅,140平米,2000
20180827,黄陂,盘龙城,恒大名都,2室2厅,84平米,1800
20180827,黄陂,盘龙城,歌林花园,2室1厅,96平米,2000
20180827,黄陂,盘龙城,美景天城,2室1厅,85平米,1700
20180827,黄陂,盘龙城,日月山水东区,2室1厅,90平米,1600
20180827,黄陂,盘龙城,巢上城俊园,3室1厅,88平米,2300
20180827,黄陂,盘龙城,中城时代二期,2室2厅,76平米,1800
20180827,黄陂,盘龙城,珩生领袖城,2室2厅,95平米,1800
20180827,黄陂,盘龙城,恒大龙城,3室2厅,106平米,2500
20180827,黄陂,盘龙城,日月山水西区,3室2厅,115平米,2800
20180827,黄陂,盘龙城,中城时代一期,5室2厅,160平米,3000
20180827,黄陂,盘龙城,珩生领袖城,3室2厅,115平米,2200
20180827,黄陂,盘龙城,名流人和天地六期,3室2厅,90平米,1900
20180827,黄陂,盘龙城,美景天城,4室2厅,140平米,2800
20180827,黄陂,盘龙城,恒大名都,3室2厅,140平米,2200
20180827,黄陂,盘龙城,名流人和天地五期,2室1厅,93平米,1800
20180827,黄陂,盘龙城,汉口湖畔二期,3室2厅,97平米,2100
20180827,黄陂,盘龙城,天纵城,3室2厅,91平米,1500
20180827,黄陂,盘龙城,F、空港中心城,2室2厅,78平米,1600
20180827,黄陂,盘龙城,天汇龙城,3室2厅,119平米,1500
20180827,黄陂,盘龙城,万润橄榄城,2室2厅,80平米,2000
20180827,黄陂,盘龙城,美景天城,2室1厅,80平米,2000
20180827,黄陂,盘龙城,鼎鑫摩卡小镇,2室2厅,81平米,1000
20180827,黄陂,盘龙城,鼎鑫摩卡小镇,2室1厅,81平米,1800
20180827,黄陂,盘龙城,龙城.天居园,3室2厅,98平米,1900
20180827,黄陂,盘龙城,日月山水西区,3室2厅,115平米,2800
20180827,黄陂,盘龙城,中城时代二期,2室2厅,76平米,1800
20180827,黄陂,盘龙城,珩生领袖城,2室2厅,95平米,1800
20180827,黄陂,盘龙城,天纵颐景康城,3室2厅,125平米,2300
20180827,黄陂,盘龙城,F、空港中心城,2室2厅,78平米,1600
20180827,黄陂,盘龙城,日月山水东区,2室2厅,99平米,1800
20180827,黄陂,盘龙城,恒大名都,3室2厅,110平米,2200
20180827,黄陂,盘龙城,天汇龙城,3室2厅,97平米,2300
20180827,黄陂,盘龙城,日月山水东区,2室1厅,95平米,1800
20180827,黄陂,盘龙城,歌林花园,2室2厅,94平米,2000
20180827,黄陂,盘龙城,中城时代一期,5室2厅,160平米,3000
20180827,黄陂,盘龙城,珩生领袖城,3室2厅,115平米,2200
20180827,黄陂,盘龙城,鼎鑫摩卡小镇,2室1厅,90平米,1800
20180827,黄陂,盘龙城,F阳光城,2室2厅,97平米,1750
20180827,黄陂,盘龙城,珩生领袖城,3室2厅,142平米,2300
20180827,黄陂,盘龙城,中城时代五期,3室2厅,109平米,2000
20180827,黄陂,盘龙城,名流人和天地三期,2室2厅,90平米,1800
20180827,黄陂,盘龙城,巢上城俊园,3室1厅,88平米,2300
20180827,黄陂,盘龙城,恒大名都,3室2厅,128平米,1800
20180827,黄陂,盘龙城,恒大龙城,3室2厅,106平米,2500
20180827,黄陂,盘龙城,恒大名都,3室2厅,116平米,2400
20180827,黄陂,盘龙城,巢上城锦园,3室2厅,128平米,2300
20180827,黄陂,盘龙城,万润橄榄城,2室2厅,80平米,2300
20180827,黄陂,盘龙城,恒大名都,3室2厅,137平米,2000
20180827,黄陂,盘龙城,汉口湖畔,3室2厅,122平米,2000
20180827,黄陂,盘龙城,恒大名都,3室2厅,135平米,2000
20180827,黄陂,盘龙城,巢上城锦园,3室1厅,94平米,1000
20180827,黄陂,盘龙城,天汇龙城,3室2厅,119平米,1500
20180827,黄陂,盘龙城,F阳光城,2室2厅,90平米,2000
20180827,黄陂,盘龙城,珩生领袖城,3室2厅,115平米,2200
20180827,黄陂,盘龙城,天汇龙城,3室2厅,97平米,2300
20180827,黄陂,盘龙城,日月山水东区,2室1厅,95平米,1800
20180827,黄陂,盘龙城,汉飞向上城,3室1厅,101平米,1800
20180827,黄陂,盘龙城,歌林花园,3室2厅,122平米,2300
20180827,黄陂,盘龙城,中城时代二期,3室2厅,110平米,2400
20180827,黄陂,盘龙城,28街,3室2厅,114平米,2000
20180827,黄陂,盘龙城,名流人和天地五期,3室2厅,114平米,2300
20180827,黄陂,盘龙城,美景天城,2室1厅,80平米,2000
20180827,黄陂,盘龙城,鼎鑫摩卡小镇,2室2厅,81平米,1000
20180827,黄陂,盘龙城,龙城.天居园,3室2厅,98平米,1900
20180827,黄陂,盘龙城,美景天城,2室2厅,86平米,1500
20180827,黄陂,盘龙城,名流人和天地三期,3室2厅,130平米,2400
20180827,黄陂,盘龙城,歌林花园,3室2厅,110平米,2000
20180827,黄陂,盘龙城,中城时代二期,3室2厅,103平米,2100
20180827,黄陂,盘龙城,名流人和天地四期,3室2厅,90平米,2000
20180827,黄陂,盘龙城,名流人和天地五期,3室2厅,115平米,2000
20180827,黄陂,盘龙城,万润橄榄城,2室2厅,80平米,2000
20180827,黄陂,盘龙城,鼎鑫摩卡小镇,2室1厅,81平米,1800
20180827,黄陂,盘龙城,万润橄榄城,2室2厅,80平米,2300
20180827,黄陂,盘龙城,巢上城锦园,3室2厅,128平米,2300
20180827,黄陂,盘龙城,日月山水西区,3室2厅,139平米,2200
20180827,黄陂,盘龙城,歌林花园,3室2厅,105平米,2500
20180827,黄陂,盘龙城,华虹领航城,3室1厅,46平米,2000
20180827,黄陂,盘龙城,巢上城俊园,3室2厅,107平米,2600
20180827,黄陂,盘龙城,天汇龙城二期,3室2厅,126平米,2300
20180827,黄陂,盘龙城,汉口湖畔,4室1厅,136平米,2700
20180827,黄陂,盘龙城,香奈天鹅湖,2室2厅,80平米,1500
20180827,黄陂,盘龙城,天汇龙城,3室2厅,114平米,1800
20180827,黄陂,盘龙城,一品国际,3室2厅,115平米,2300
20180827,黄陂,盘龙城,华虹领航城,3室1厅,46平米,2000
20180827,黄陂,盘龙城,歌林花园,3室2厅,105平米,2500
20180827,黄陂,盘龙城,巢上城俊园,3室2厅,107平米,2600
20180827,黄陂,盘龙城,名流人和天地五期,2室2厅,91平米,1700
20180827,黄陂,盘龙城,名流人和天地六期,3室2厅,111平米,2300
20180827,黄陂,盘龙城,珩生领袖城,3室2厅,111平米,2200
20180827,黄陂,盘龙城,名流人和天地四期,3室2厅,99平米,2200
20180827,黄陂,盘龙城,名流人和天地五期,2室2厅,89平米,1800
20180827,黄陂,盘龙城,恒大龙城,2室2厅,84平米,1200
20180827,黄陂,盘龙城,奥特莱斯V公寓,2室1厅,62平米,1500
20180827,黄陂,盘龙城,歌林花园三期林语境,2室1厅,89平米,2600
20180827,黄陂,盘龙城,名流人和天地五期,3室2厅,86平米,2000
20180827,黄陂,盘龙城,F阳光城,3室2厅,127平米,2200
20180827,黄陂,盘龙城,歌林花园,1室1厅,60平米,1800
20180827,黄陂,盘龙城,名流人和天地五期,2室2厅,90平米,1800
20180827,黄陂,盘龙城,万润橄榄城,2室2厅,79平米,1900
20180827,黄陂,盘龙城,名流人和天地五期,2室2厅,91平米,1800
