20180827,汉阳,王家湾,玫瑰园西村,1室1厅,60平米,1300
20180827,汉阳,王家湾,龙阳熙苑,1室1厅,30平米,1100
20180827,汉阳,王家湾,万科汉阳国际,3室2厅,139平米,4000
20180827,汉阳,王家湾,龙阳1号,2室2厅,87平米,2500
20180827,汉阳,王家湾,磨山港湾,4室1厅,9平米,960
20180827,汉阳,王家湾,汉阳人信汇,1室1厅,54平米,3000
20180827,汉阳,王家湾,汉阳人信汇,1室1厅,57平米,2800
20180827,汉阳,王家湾,南国明珠一期,3室2厅,140平米,3500
20180827,汉阳,王家湾,新澳蓝草坪,2室1厅,90平米,2700
20180827,汉阳,王家湾,鑫瑞小城故事,3室1厅,107平米,2200
20180827,汉阳,王家湾,中国铁建国际城,4室1厅,8平米,960
20180827,汉阳,王家湾,阳城汉江苑,2室1厅,78平米,1700
20180827,汉阳,王家湾,磨山港湾,4室1厅,12平米,1360
20180827,汉阳,王家湾,汉阳人信汇,1室1厅,54平米,1800
20180827,汉阳,王家湾,王家湾中央生活区,2室1厅,78平米,4000
20180827,汉阳,王家湾,王家湾中央生活区,5室1厅,18平米,1590
20180827,汉阳,王家湾,汉江阳光城,2室2厅,80平米,2200
20180827,汉阳,王家湾,万科汉阳国际,2室2厅,80平米,2600
20180827,汉阳,王家湾,人信汇一期,2室2厅,83平米,3000
20180827,汉阳,王家湾,香格里都,2室1厅,112平米,3000
20180827,汉阳,王家湾,WM我们的垂直社交圈,1室0厅,60平米,5000
20180827,汉阳,王家湾,磨山港湾,3室1厅,14平米,1460
20180827,汉阳,王家湾,南国明珠二期,3室2厅,131平米,3200
20180827,汉阳,王家湾,王家湾中央生活区,4室1厅,9平米,1190
20180827,汉阳,王家湾,中国铁建国际城,3室2厅,94平米,3000
20180827,汉阳,王家湾,汉江阳光城,1室1厅,58平米,2200
20180827,汉阳,王家湾,大江鑫港龙城,3室2厅,124平米,2200
20180827,汉阳,王家湾,王家湾中央生活区中央之星,1室1厅,65平米,3200
20180827,汉阳,王家湾,汉阳人信汇二期天悦,3室2厅,88平米,3500
20180827,汉阳,王家湾,时代映象,2室2厅,76平米,3000
20180827,汉阳,王家湾,万科汉阳国际,2室2厅,78平米,2600
20180827,汉阳,王家湾,玫瑰苑,3室2厅,140平米,2600
20180827,汉阳,王家湾,佳兆业滨江壹号,1室1厅,45平米,1500
20180827,汉阳,王家湾,磨山港湾,1室1厅,53平米,1800
20180827,汉阳,王家湾,王家湾中央生活区,2室2厅,43平米,3000
20180827,汉阳,王家湾,龙阳住宅楼,2室1厅,126平米,5000
20180827,汉阳,王家湾,仙山创业中心观湖星座,2室1厅,70平米,1700
20180827,汉阳,王家湾,壹加壹空间,1室1厅,100平米,2200
20180827,汉阳,王家湾,佳兆业滨江壹号,4室2厅,114平米,3000
20180827,汉阳,王家湾,水仙里社区,2室2厅,90平米,2100
20180827,汉阳,王家湾,龙阳凯悦大厦,1室1厅,50平米,1900
20180827,汉阳,王家湾,万科新世纪翡翠滨江,3室2厅,110平米,3600
20180827,汉阳,王家湾,壹加壹空间,1室2厅,136平米,3500
20180827,汉阳,王家湾,磨山港湾,1室1厅,47平米,1800
20180827,汉阳,王家湾,汉阳人信汇二期天悦,3室2厅,93平米,3000
20180827,汉阳,王家湾,龙阳熙苑,1室1厅,36平米,1600
20180827,汉阳,王家湾,中国铁建国际城,2室1厅,84平米,2600
20180827,汉阳,王家湾,知音西村,3室1厅,90平米,1800
20180827,汉阳,王家湾,中国铁建国际城,3室2厅,96平米,4000
20180827,汉阳,王家湾,中国铁建国际城,4室1厅,13平米,1190
20180827,汉阳,王家湾,新澳蓝草坪,2室1厅,102平米,2700
20180827,汉阳,王家湾,赛博园,3室1厅,85平米,2300
20180827,汉阳,王家湾,人信汇一期,3室2厅,83平米,3000
20180827,汉阳,王家湾,鑫瑞小城故事,2室1厅,65平米,2000
20180827,汉阳,王家湾,WM我们的垂直社交圈,1室1厅,113平米,13646
20180827,汉阳,王家湾,龙阳1号,2室2厅,92平米,2900
20180827,汉阳,王家湾,龙阳时代,1室1厅,35平米,8500
20180827,汉阳,王家湾,朗诗绿色街区,2室1厅,79平米,3000
20180827,汉阳,王家湾,王家湾中央生活区,2室1厅,48平米,3000
20180827,汉阳,王家湾,WM我们的垂直社交圈,2室2厅,114平米,10800
20180827,汉阳,王家湾,磨山港湾,3室1厅,15平米,1390
20180827,汉阳,王家湾,万科新世纪翡翠滨江,3室1厅,90平米,3000
20180827,汉阳,王家湾,王家湾中央生活区中央之星,1室1厅,130平米,5800
20180827,汉阳,王家湾,万科新世纪翡翠滨江,2室1厅,90平米,2700
20180827,汉阳,王家湾,中国铁建国际城,4室1厅,8平米,890
20180827,汉阳,王家湾,保利香颂,4室2厅,135平米,3200
20180827,汉阳,王家湾,惠民苑二期,3室1厅,94平米,1500
20180827,汉阳,王家湾,王家湾中央生活区,1室1厅,77平米,4000
20180827,汉阳,王家湾,汉阳人信汇,1室1厅,53平米,2600
20180827,汉阳,王家湾,王家湾中央生活区,1室1厅,42平米,2800
20180827,汉阳,王家湾,陶馨园,2室1厅,74平米,1600
20180827,汉阳,王家湾,龙阳御园,2室1厅,60平米,1600
20180827,汉阳,王家湾,王家湾中央生活区,1室1厅,42平米,2500
20180827,汉阳,王家湾,万科汉阳国际,2室1厅,75平米,2600
20180827,汉阳,王家湾,麦迪森广场,1室0厅,58平米,12000
20180827,汉阳,王家湾,鑫瑞小城故事,2室1厅,63平米,2000
20180827,汉阳,王家湾,磨山港湾,3室1厅,17平米,1190
20180827,汉阳,王家湾,香格里都,1室0厅,40平米,1700
20180827,汉阳,王家湾,玫瑰苑,2室2厅,86平米,1600
20180827,汉阳,王家湾,玫瑰西苑,3室2厅,131平米,2400
20180827,汉阳,王家湾,万科汉阳国际,3室1厅,88平米,2800
20180827,汉阳,王家湾,万科新世纪翡翠滨江,3室1厅,90平米,2600
20180827,汉阳,王家湾,磨山港湾,3室1厅,14平米,930
20180827,汉阳,王家湾,王家湾中央生活区,1室1厅,65平米,2900
20180827,汉阳,王家湾,万科新世纪翡翠滨江,2室2厅,92平米,3000
20180827,汉阳,王家湾,阳光城十里新城,4室1厅,6平米,1030
20180827,汉阳,王家湾,WM我们的垂直社交圈,1室1厅,80平米,6000
20180827,汉阳,王家湾,鑫瑞小城故事,2室1厅,65平米,1800
20180827,汉阳,王家湾,国信新城一期,3室2厅,108平米,2800
20180827,汉阳,王家湾,水仙里社区,2室2厅,78平米,1500
20180827,汉阳,王家湾,朗诗绿色街区,2室1厅,80平米,2000
20180827,汉阳,王家湾,汉阳人信汇二期天悦,1室0厅,10平米,900
20180827,汉阳,王家湾,磨山港湾,3室1厅,15平米,1390
20180827,汉阳,王家湾,阳光城十里新城,3室2厅,125平米,3800
20180827,汉阳,王家湾,朗诗绿色街区,2室2厅,95平米,2980
20180827,汉阳,王家湾,磨山港湾,4室1厅,12平米,1190
20180827,汉阳,王家湾,磨山港湾,3室1厅,11平米,1090
20180827,汉阳,王家湾,人信汇一期,1室1厅,47平米,2200
20180827,汉阳,王家湾,知音西村,3室1厅,88平米,2400
20180827,汉阳,王家湾,中国铁建国际城,3室1厅,96平米,2600
20180827,汉阳,王家湾,龙阳1号,2室2厅,90平米,2800
20180827,汉阳,王家湾,惠民苑二期,2室1厅,89平米,2000
20180827,汉阳,王家湾,万科汉阳国际,3室1厅,84平米,2600
20180827,汉阳,王家湾,王家湾中央生活区,3室2厅,95平米,2700
20180827,汉阳,王家湾,玫瑰馨苑,3室1厅,92平米,2700
20180827,汉阳,王家湾,万科汉阳国际,2室2厅,82平米,2800
20180827,汉阳,王家湾,磨山港湾,3室1厅,15平米,1390
20180827,汉阳,王家湾,阳光城十里新城,3室2厅,126平米,4000
20180827,汉阳,王家湾,阳光城十里新城,4室1厅,14平米,1230
20180827,汉阳,王家湾,海天广场,2室1厅,56平米,3333
20180827,汉阳,王家湾,时代映象,2室2厅,76平米,2800
20180827,汉阳,王家湾,昌南花园,2室1厅,86平米,1750
20180827,汉阳,王家湾,人信汇一期,1室1厅,50平米,2400
20180827,汉阳,王家湾,龙阳雅苑,1室0厅,11平米,600
20180827,汉阳,王家湾,佳兆业滨江壹号,3室2厅,93平米,2100
20180827,汉阳,王家湾,陶馨园,2室1厅,70平米,1800
20180827,汉阳,王家湾,鑫瑞小城故事,2室1厅,60平米,1800
20180827,汉阳,王家湾,王家湾中央生活区,1室1厅,66平米,3200
20180827,汉阳,王家湾,名士华府,3室2厅,129平米,3000
20180827,汉阳,王家湾,万科汉阳国际,2室1厅,75平米,2600
20180827,汉阳,王家湾,中国铁建国际城,4室1厅,8平米,890
20180827,汉阳,王家湾,中国铁建国际城,2室2厅,94平米,3000
20180827,汉阳,王家湾,玫瑰西苑,3室2厅,110平米,2800
20180827,汉阳,王家湾,新澳蓝草坪,2室2厅,89平米,2700
20180827,汉阳,王家湾,麦迪森广场,1室0厅,58平米,12000
20180827,汉阳,王家湾,鑫瑞小城故事,2室1厅,63平米,2000
20180827,汉阳,王家湾,磨山港湾,3室1厅,17平米,1190
20180827,汉阳,王家湾,香格里都,1室0厅,40平米,1700
20180827,汉阳,王家湾,玫瑰苑,2室2厅,86平米,1600
20180827,汉阳,王家湾,玫瑰西苑,3室2厅,131平米,2400
20180827,汉阳,王家湾,万科汉阳国际,3室1厅,88平米,2800
20180827,汉阳,王家湾,WM我们的垂直社交圈,1室1厅,80平米,6000
20180827,汉阳,王家湾,鑫瑞小城故事,2室1厅,65平米,1800
20180827,汉阳,王家湾,国信新城一期,3室2厅,108平米,2800
20180827,汉阳,王家湾,汉城花园,3室2厅,120平米,2600
20180827,汉阳,王家湾,汉城花园,2室2厅,100平米,2600
20180827,汉阳,王家湾,鑫瑞小城故事,1室1厅,45平米,1600
20180827,汉阳,王家湾,二桥东村,3室1厅,89平米,2500
20180827,汉阳,王家湾,磨山港湾,4室1厅,7平米,830
20180827,汉阳,王家湾,水仙里社区,2室2厅,78平米,1500
20180827,汉阳,王家湾,磨山港湾,1室0厅,20平米,1000
20180827,汉阳,王家湾,龙阳熙苑,1室1厅,39平米,1700
20180827,汉阳,王家湾,磨山港湾,1室0厅,24平米,1200
20180827,汉阳,王家湾,中国铁建国际城,4室1厅,12平米,1230
20180827,汉阳,王家湾,香格里都,1室1厅,40平米,1650
20180827,汉阳,王家湾,万科新世纪翡翠滨江,3室1厅,97平米,2900
20180827,汉阳,王家湾,水仙里社区,2室2厅,78平米,2000
20180827,汉阳,王家湾,人信汇一期,3室1厅,85平米,3200
20180827,汉阳,王家湾,中国铁建国际城,2室2厅,85平米,2300
20180827,汉阳,王家湾,壹加壹空间,2室1厅,48平米,3000
20180827,汉阳,王家湾,磨山港湾,2室2厅,108平米,2600
20180827,汉阳,王家湾,锦绣仙山,3室1厅,100平米,2200
20180827,汉阳,王家湾,赛博园,2室1厅,88平米,2200
20180827,汉阳,王家湾,玫瑰西苑,2室2厅,87平米,2400
20180827,汉阳,王家湾,磨山港湾,3室1厅,100平米,1000
20180827,汉阳,王家湾,龙阳雅苑,1室0厅,180平米,5400
20180827,汉阳,王家湾,汉阳人信汇二期天悦,3室2厅,90平米,1200
20180827,汉阳,王家湾,水仙里社区,2室1厅,77平米,1800
20180827,汉阳,王家湾,万科新世纪翡翠滨江,3室1厅,90平米,3000
20180827,汉阳,王家湾,麦迪森广场,1室1厅,37平米,1900
20180827,汉阳,王家湾,龙阳时代,2室1厅,100平米,4000
20180827,汉阳,王家湾,WM我们的垂直社交圈,1室0厅,60平米,5000
20180827,汉阳,王家湾,国信新城二期,3室2厅,107平米,2200
20180827,汉阳,王家湾,万科汉阳国际,3室2厅,94平米,2800
20180827,汉阳,王家湾,阳光城十里新城,3室2厅,138平米,2500
20180827,汉阳,王家湾,南国明珠二期,3室2厅,148平米,3600
20180827,汉阳,王家湾,龙阳时代,2室1厅,50平米,4300
20180827,汉阳,王家湾,中国铁建国际花园,3室2厅,100平米,2800
20180827,汉阳,王家湾,佳兆业滨江壹号,1室1厅,36平米,1400
20180827,汉阳,王家湾,赏新园,3室1厅,104平米,2700
20180827,汉阳,王家湾,磨山港湾,2室2厅,84平米,2600
20180827,汉阳,王家湾,知音西村,3室1厅,88平米,2400
20180827,汉阳,王家湾,中国铁建国际城,3室1厅,110平米,3200
20180827,汉阳,王家湾,阳城汉江苑,2室2厅,70平米,1600
20180827,汉阳,王家湾,万科汉阳国际,3室2厅,88平米,3000
20180827,汉阳,王家湾,万科新世纪翡翠滨江,2室2厅,96平米,2500
20180827,汉阳,王家湾,中国铁建国际花园,3室2厅,134平米,3000
20180827,汉阳,王家湾,世纪星城,1室1厅,42平米,1500
20180827,汉阳,王家湾,人信汇一期,1室1厅,47平米,2400
20180827,汉阳,王家湾,米粮新家园,2室2厅,91平米,1850
20180827,汉阳,王家湾,汉阳人信汇,1室1厅,53平米,2400
20180827,汉阳,王家湾,壹加壹空间,3室1厅,49平米,2600
20180827,汉阳,王家湾,WM我们的垂直社交圈,1室1厅,60平米,18000
20180827,汉阳,王家湾,世纪龙城,3室2厅,127平米,3600
20180827,汉阳,王家湾,南国明珠三期,2室2厅,90平米,2680
20180827,汉阳,王家湾,朗诗绿色街区,2室1厅,45平米,1900
20180827,汉阳,王家湾,龙阳时代,1室1厅,50平米,13500
20180827,汉阳,王家湾,南国明珠一期,3室1厅,139平米,3000
20180827,汉阳,王家湾,王家湾中央生活区,3室2厅,108平米,4500
20180827,汉阳,王家湾,WM我们的垂直社交圈,1室1厅,73平米,5000
20180827,汉阳,王家湾,WM我们的垂直社交圈,1室1厅,112平米,9500
20180827,汉阳,王家湾,龙阳时代,2室1厅,84平米,12000
20180827,汉阳,王家湾,麦迪森广场,1室1厅,63平米,33563
20180827,汉阳,王家湾,王家湾中央生活区中央之星,1室1厅,77平米,4000
20180827,汉阳,王家湾,壹加壹空间,2室2厅,65平米,3500
20180827,汉阳,王家湾,阳光城十里新城,5室1厅,11平米,1130
20180827,汉阳,王家湾,北大资源首座,2室1厅,60平米,2000
20180827,汉阳,王家湾,龙阳1号,2室1厅,68平米,2000
20180827,汉阳,王家湾,二桥东村,3室1厅,89平米,2500
20180827,汉阳,王家湾,磨山港湾,4室1厅,7平米,830
20180827,汉阳,王家湾,水仙里社区,2室2厅,78平米,1500
20180827,汉阳,王家湾,磨山港湾,1室0厅,20平米,1000
20180827,汉阳,王家湾,龙阳熙苑,1室1厅,39平米,1700
20180827,汉阳,王家湾,磨山港湾,1室0厅,24平米,1200
20180827,汉阳,王家湾,中国铁建国际城,4室1厅,12平米,1230
20180827,汉阳,王家湾,香格里都,1室1厅,40平米,1650
20180827,汉阳,王家湾,磨山港湾,5室0厅,153平米,900
20180827,汉阳,王家湾,赏新园,3室2厅,111平米,3600
20180827,汉阳,王家湾,南国明珠一期,3室1厅,106平米,3200
20180827,汉阳,王家湾,保利香颂,2室2厅,80平米,1500
20180827,汉阳,王家湾,王家湾中央生活区,3室2厅,108平米,4500
20180827,汉阳,王家湾,WM我们的垂直社交圈,1室1厅,73平米,5000
20180827,汉阳,王家湾,WM我们的垂直社交圈,1室1厅,112平米,9500
20180827,汉阳,王家湾,龙阳时代,2室1厅,84平米,12000
20180827,汉阳,王家湾,麦迪森广场,1室1厅,63平米,33563
20180827,汉阳,王家湾,王家湾中央生活区中央之星,1室1厅,77平米,4000
20180827,汉阳,王家湾,壹加壹空间,2室2厅,65平米,3500
20180827,汉阳,王家湾,阳光城十里新城,5室1厅,11平米,1130
20180827,汉阳,王家湾,中国铁建国际城,2室2厅,94平米,3000
20180827,汉阳,王家湾,海天广场,2室1厅,45平米,4980
20180827,汉阳,王家湾,中国铁建国际城,3室1厅,10平米,990
20180827,汉阳,王家湾,顶琇广场,1室1厅,45平米,2100
20180827,汉阳,王家湾,万科新世纪翡翠滨江,2室2厅,83平米,3000
20180827,汉阳,王家湾,佳兆业滨江壹号,3室2厅,88平米,1800
20180827,汉阳,王家湾,世纪龙城,3室2厅,130平米,3200
20180827,汉阳,王家湾,惠民苑三期,2室2厅,76平米,1600
20180827,汉阳,王家湾,王家湾中央生活区,1室1厅,65平米,2900
20180827,汉阳,王家湾,麦迪森广场,2室1厅,76平米,3500
20180827,汉阳,王家湾,汉城花园,3室2厅,120平米,2600
20180827,汉阳,王家湾,汉城花园,2室2厅,100平米,2600
20180827,汉阳,王家湾,鑫瑞小城故事,1室1厅,45平米,1600
20180827,汉阳,王家湾,玫瑰西苑,3室2厅,110平米,2800
20180827,汉阳,王家湾,新澳蓝草坪,2室2厅,89平米,2700
20180827,汉阳,王家湾,汉阳人信汇,1室1厅,54平米,3000
20180827,汉阳,王家湾,汉阳人信汇,1室1厅,57平米,2800
20180827,汉阳,王家湾,南国明珠一期,3室2厅,140平米,3500
20180827,汉阳,王家湾,知音东苑社区,2室1厅,58平米,1600
20180827,汉阳,王家湾,壹加壹空间,1室1厅,64平米,2500
20180827,汉阳,王家湾,鑫瑞小城故事,2室1厅,60平米,1800
20180827,汉阳,王家湾,鑫瑞小城故事,2室1厅,65平米,2000
20180827,汉阳,王家湾,玫瑰园西村,1室1厅,60平米,1300
20180827,汉阳,王家湾,龙阳熙苑,1室1厅,30平米,1100
20180827,汉阳,王家湾,万科汉阳国际,3室2厅,139平米,4000
20180827,汉阳,王家湾,龙阳1号,2室2厅,87平米,2500
20180827,汉阳,王家湾,磨山港湾,4室1厅,9平米,960
20180827,汉阳,王家湾,汉阳人信汇二期天悦,2室1厅,79平米,1200
20180827,汉阳,王家湾,中国铁建国际花园,3室2厅,99平米,2800
20180827,汉阳,王家湾,中国铁建国际城,3室2厅,94平米,3000
20180827,汉阳,王家湾,汉江阳光城,1室1厅,58平米,2200
20180827,汉阳,王家湾,大江鑫港龙城,3室2厅,124平米,2200
20180827,汉阳,王家湾,王家湾中央生活区中央之星,1室1厅,65平米,3200
20180827,汉阳,王家湾,汉阳人信汇二期天悦,3室2厅,88平米,3500
20180827,汉阳,王家湾,阳城汉江苑,2室2厅,70平米,1700
20180827,汉阳,王家湾,汉阳人信汇,1室0厅,57平米,2000
20180827,汉阳,王家湾,汉阳人信汇,1室1厅,57平米,2600
20180827,汉阳,王家湾,人信汇一期,3室2厅,83平米,3000
20180827,汉阳,王家湾,龙阳凯悦大厦,1室1厅,50平米,1900
20180827,汉阳,王家湾,万科新世纪翡翠滨江,3室2厅,110平米,3600
20180827,汉阳,王家湾,香格里都,1室1厅,40平米,1650
20180827,汉阳,王家湾,磨山港湾,1室1厅,47平米,1800
20180827,汉阳,王家湾,顶琇广场,1室0厅,46平米,1800
20180827,汉阳,王家湾,中国铁建国际城,3室2厅,97平米,2800
20180827,汉阳,王家湾,中国铁建国际城,4室1厅,11平米,1060
20180827,汉阳,王家湾,龙阳住宅楼,2室1厅,126平米,5000
20180827,汉阳,王家湾,仙山创业中心观湖星座,2室1厅,70平米,1700
20180827,汉阳,王家湾,壹加壹空间,1室1厅,100平米,2200
20180827,汉阳,王家湾,王家湾中央生活区,4室1厅,9平米,1190
20180827,汉阳,王家湾,汉阳人信汇,1室1厅,57平米,3500
20180827,汉阳,王家湾,壹加壹空间,1室2厅,136平米,3500
20180827,汉阳,王家湾,万科汉阳国际,2室2厅,78平米,2600
20180827,汉阳,王家湾,北大资源首座,1室1厅,59平米,1600
20180827,汉阳,王家湾,玫瑰西苑社区嘉园小区,2室2厅,80平米,1600
20180827,汉阳,王家湾,陶馨园,2室2厅,110平米,2500
20180827,汉阳,王家湾,十里景秀,4室2厅,140平米,3500
20180827,汉阳,王家湾,中国铁建国际城,3室2厅,96平米,3000
20180827,汉阳,王家湾,王家湾中央生活区,1室1厅,65平米,3500
20180827,汉阳,王家湾,龙阳雅苑北区,3室2厅,115平米,3000
20180827,汉阳,王家湾,朗诗绿色街区,2室1厅,80平米,2000
20180827,汉阳,王家湾,汉阳人信汇二期天悦,1室0厅,10平米,900
20180827,汉阳,王家湾,磨山港湾,3室1厅,15平米,1390
20180827,汉阳,王家湾,万科新世纪翡翠滨江,3室2厅,126平米,3800
20180827,汉阳,王家湾,王家湾中央生活区,1室0厅,65平米,3600
20180827,汉阳,王家湾,南国明珠二期,3室2厅,144平米,3800
20180827,汉阳,王家湾,龙阳熙苑,1室1厅,30平米,1100
20180827,汉阳,王家湾,汉阳人信汇,1室1厅,53平米,2000
20180827,汉阳,王家湾,龙阳时代,1室0厅,94平米,4000
20180827,汉阳,王家湾,中国铁建国际城,4室1厅,8平米,930
20180827,汉阳,王家湾,阳光城十里新城,3室1厅,8平米,1130
20180827,汉阳,王家湾,龙阳熙苑,3室1厅,7平米,960
20180827,汉阳,王家湾,龙阳熙苑,2室2厅,68平米,2500
20180827,汉阳,王家湾,世纪龙城,3室2厅,120平米,2800
20180827,汉阳,王家湾,陶馨园,2室1厅,74平米,1700
20180827,汉阳,王家湾,麦迪森广场,5室1厅,188平米,12000
20180827,汉阳,王家湾,龙阳熙苑,4室1厅,160平米,4200
20180827,汉阳,王家湾,鑫瑞小城故事,2室1厅,60平米,1900
20180827,汉阳,王家湾,龙阳南苑,3室1厅,86平米,2400
20180827,汉阳,王家湾,麦迪森广场,1室1厅,56平米,2600
20180827,汉阳,王家湾,麦迪森广场,1室0厅,81平米,4000
20180827,汉阳,王家湾,王家湾中央生活区,1室1厅,47平米,2800
20180827,汉阳,王家湾,龙阳熙苑,3室2厅,90平米,2900
20180827,汉阳,王家湾,龙阳雅苑北区,3室2厅,115平米,3000
20180827,汉阳,王家湾,朗诗绿色街区,2室1厅,80平米,2000
20180827,汉阳,王家湾,汉阳人信汇二期天悦,1室0厅,10平米,900
20180827,汉阳,王家湾,磨山港湾,3室1厅,15平米,1390
20180827,汉阳,王家湾,汉阳人信汇四期天誉,1室1厅,52平米,2500
20180827,汉阳,王家湾,陶馨园,2室2厅,100平米,2200
20180827,汉阳,王家湾,汉阳人信汇,1室1厅,80平米,5400
20180827,汉阳,王家湾,永开商住楼,2室2厅,80平米,1500
20180827,汉阳,王家湾,汉阳人信汇二期天悦,3室2厅,120平米,4200
20180827,汉阳,王家湾,龙阳雅苑,3室1厅,85平米,2400
20180827,汉阳,王家湾,人信汇一期,1室1厅,47平米,2000
20180827,汉阳,王家湾,汉阳人信汇二期天悦,3室2厅,89平米,3000
20180827,汉阳,王家湾,阳城汉江苑,2室1厅,85平米,1400
20180827,汉阳,王家湾,磨山港湾,3室2厅,151平米,3500
20180827,汉阳,王家湾,龙阳熙苑,3室1厅,10平米,1160
20180827,汉阳,王家湾,磨山港湾,3室1厅,9平米,860
20180827,汉阳,王家湾,南国明珠二期,4室1厅,11平米,990
20180827,汉阳,王家湾,水仙里社区,2室2厅,85平米,2100
20180827,汉阳,王家湾,中国铁建国际城,4室1厅,8平米,960
20180827,汉阳,王家湾,万科汉阳国际,2室2厅,82平米,2800
20180827,汉阳,王家湾,磨山港湾,3室1厅,15平米,1390
20180827,汉阳,王家湾,阳光城十里新城,3室2厅,126平米,4000
20180827,汉阳,王家湾,阳光城十里新城,4室1厅,14平米,1230
20180827,汉阳,王家湾,海天广场,2室1厅,56平米,3333
20180827,汉阳,王家湾,时代映象,2室2厅,76平米,2800
20180827,汉阳,王家湾,昌南花园,2室1厅,86平米,1750
20180827,汉阳,王家湾,人信汇一期,1室1厅,50平米,2400
20180827,汉阳,王家湾,人信汇一期,3室2厅,90平米,3850
20180827,汉阳,王家湾,南国明珠三期,2室1厅,85平米,2800
20180827,汉阳,王家湾,WM我们的垂直社交圈,5室1厅,122平米,7500
20180827,汉阳,王家湾,WM我们的垂直社交圈,1室0厅,170平米,11000
20180827,汉阳,王家湾,玫瑰西苑,2室2厅,132平米,2600
20180827,汉阳,王家湾,龙阳熙苑,6室2厅,158平米,6800
20180827,汉阳,王家湾,赛博园,2室1厅,89平米,2000
20180827,汉阳,王家湾,朗诗绿色街区,1室1厅,45平米,1850
20180827,汉阳,王家湾,南国明珠三期,2室2厅,92平米,2800
20180827,汉阳,王家湾,王家湾中央生活区,1室0厅,40平米,1300
20180827,汉阳,王家湾,WM我们的垂直社交圈,1室0厅,110平米,9400
20180827,汉阳,王家湾,WM我们的垂直社交圈,1室1厅,236平米,11300
20180827,汉阳,王家湾,龙阳熙苑,4室2厅,120平米,1500
20180827,汉阳,王家湾,LAKE街区知音国际茶城,1室1厅,30平米,1600
20180827,汉阳,王家湾,朗诗绿色街区,2室2厅,78平米,2500
20180827,汉阳,王家湾,龙阳时代,1室2厅,236平米,9100
20180827,汉阳,王家湾,壹加壹空间,3室2厅,58平米,1800
20180827,汉阳,王家湾,鑫瑞小城故事,3室1厅,103平米,2800
20180827,汉阳,王家湾,龙阳时代,4室2厅,270平米,14000
20180827,汉阳,王家湾,龙阳雅苑北区,2室1厅,69平米,1800
20180827,汉阳,王家湾,佳兆业滨江壹号,3室2厅,87平米,2500
20180827,汉阳,王家湾,顶琇广场,1室1厅,46平米,1800
20180827,汉阳,王家湾,鑫瑞小城故事,1室1厅,40平米,1600
20180827,汉阳,王家湾,赏新园,2室1厅,110平米,2500
20180827,汉阳,王家湾,龙阳时代,2室1厅,100平米,5300
20180827,汉阳,王家湾,保利香颂,2室1厅,72平米,1800
20180827,汉阳,王家湾,鑫瑞小城故事,3室2厅,103平米,2500
20180827,汉阳,王家湾,玫瑰馨苑,3室2厅,89平米,3200
20180827,汉阳,王家湾,汉阳人信汇二期天悦,1室0厅,10平米,750
20180827,汉阳,王家湾,吉祥欧式花园,4室1厅,92平米,2200
20180827,汉阳,王家湾,陶馨园,4室1厅,110平米,2600
20180827,汉阳,王家湾,时代映象,2室1厅,81平米,2700
20180827,汉阳,王家湾,南国明珠三期,2室2厅,90平米,2800
20180827,汉阳,王家湾,中国铁建国际花园,3室2厅,140平米,3400
20180827,汉阳,王家湾,锦绣汉江四区,2室2厅,90平米,2800
20180827,汉阳,王家湾,南国明珠二期,1室0厅,18平米,1000
20180827,汉阳,王家湾,WM我们的垂直社交圈,1室1厅,120平米,10000
20180827,汉阳,王家湾,玫瑰馨苑,3室2厅,140平米,2800
20180827,汉阳,王家湾,磨山港湾,2室1厅,81平米,2500
20180827,汉阳,王家湾,世纪龙城,2室2厅,94平米,3000
20180827,汉阳,王家湾,水仙里社区,3室2厅,146平米,2600
20180827,汉阳,王家湾,麦迪森广场,1室0厅,55平米,2500
20180827,汉阳,王家湾,LAKE街区知音国际茶城,3室2厅,90平米,2600
20180827,汉阳,王家湾,南国明珠二期,3室2厅,141平米,3500
20180827,汉阳,王家湾,朗诗绿色街区,2室1厅,45平米,2000
20180827,汉阳,王家湾,麦迪森广场,1室0厅,60平米,3100
20180827,汉阳,王家湾,世纪龙城,1室1厅,50平米,1200
20180827,汉阳,王家湾,磨山港湾,3室2厅,140平米,3200
20180827,汉阳,王家湾,南国明珠一期,3室2厅,128平米,3300
20180827,汉阳,王家湾,南国明珠一期,1室1厅,18平米,1100
20180827,汉阳,王家湾,壹加壹空间,2室1厅,90平米,3100
20180827,汉阳,王家湾,鑫瑞小城故事,2室1厅,65平米,2000
20180827,汉阳,王家湾,玫瑰园西村,1室1厅,60平米,1300
20180827,汉阳,王家湾,龙阳熙苑,1室1厅,30平米,1100
20180827,汉阳,王家湾,万科汉阳国际,3室2厅,139平米,4000
20180827,汉阳,王家湾,龙阳1号,2室2厅,87平米,2500
20180827,汉阳,王家湾,磨山港湾,4室1厅,9平米,960
20180827,汉阳,王家湾,汉阳人信汇二期天悦,2室1厅,79平米,1200
20180827,汉阳,王家湾,中国铁建国际花园,3室2厅,99平米,2800
20180827,汉阳,王家湾,中国铁建国际城,3室2厅,94平米,3000
20180827,汉阳,王家湾,汉江阳光城,1室1厅,58平米,2200
20180827,汉阳,王家湾,大江鑫港龙城,3室2厅,124平米,2200
20180827,汉阳,王家湾,王家湾中央生活区中央之星,1室1厅,65平米,3200
20180827,汉阳,王家湾,龙阳时代,2室1厅,100平米,5300
20180827,汉阳,王家湾,保利香颂,2室1厅,72平米,1800
20180827,汉阳,王家湾,鑫瑞小城故事,3室2厅,103平米,2500
20180827,汉阳,王家湾,玫瑰馨苑,3室2厅,89平米,3200
20180827,汉阳,王家湾,汉阳人信汇二期天悦,1室0厅,10平米,750
20180827,汉阳,王家湾,吉祥欧式花园,4室1厅,92平米,2200
20180827,汉阳,王家湾,陶馨园,4室1厅,110平米,2600
20180827,汉阳,王家湾,时代映象,2室1厅,81平米,2700
20180827,汉阳,王家湾,南国明珠三期,2室2厅,90平米,2800
20180827,汉阳,王家湾,中国铁建国际花园,3室2厅,140平米,3400
20180827,汉阳,王家湾,锦绣汉江四区,2室2厅,90平米,2800
20180827,汉阳,王家湾,人信汇一期,3室2厅,90平米,3850
20180827,汉阳,王家湾,南国明珠三期,2室1厅,85平米,2800
20180827,汉阳,王家湾,WM我们的垂直社交圈,5室1厅,122平米,7500
20180827,汉阳,王家湾,WM我们的垂直社交圈,1室0厅,170平米,11000
20180827,汉阳,王家湾,玫瑰西苑,2室2厅,132平米,2600
20180827,汉阳,王家湾,龙阳时代,1室2厅,236平米,9100
20180827,汉阳,王家湾,壹加壹空间,3室2厅,58平米,1800
20180827,汉阳,王家湾,鑫瑞小城故事,3室1厅,103平米,2800
20180827,汉阳,王家湾,龙阳时代,4室2厅,270平米,14000
20180827,汉阳,王家湾,龙阳雅苑北区,2室1厅,69平米,1800
20180827,汉阳,王家湾,佳兆业滨江壹号,3室2厅,87平米,2500
20180827,汉阳,王家湾,顶琇广场,1室1厅,46平米,1800
20180827,汉阳,王家湾,磨山港湾,3室2厅,140平米,3200
20180827,汉阳,王家湾,南国明珠一期,3室2厅,128平米,3300
20180827,汉阳,王家湾,南国明珠一期,1室1厅,18平米,1100
20180827,汉阳,王家湾,壹加壹空间,2室1厅,90平米,3100
20180827,汉阳,王家湾,麦迪森广场,1室0厅,55平米,2500
20180827,汉阳,王家湾,LAKE街区知音国际茶城,3室2厅,90平米,2600
20180827,汉阳,王家湾,南国明珠二期,3室2厅,141平米,3500
20180827,汉阳,王家湾,阳光城十里新城,5室1厅,16平米,1230
20180827,汉阳,王家湾,中国铁建国际花园,3室2厅,141平米,3000
20180827,汉阳,王家湾,王家湾中央生活区,1室1厅,47平米,2800
20180827,汉阳,王家湾,阳光城十里新城,5室1厅,11平米,1130
20180827,汉阳,王家湾,鑫瑞小城故事,2室1厅,65平米,1700
20180827,汉阳,王家湾,永开商住楼,2室2厅,82平米,1200
20180827,汉阳,王家湾,朗诗绿色街区,1室0厅,45平米,1700
20180827,汉阳,王家湾,LAKE街区知音国际茶城,1室1厅,31平米,1700
20180827,汉阳,王家湾,万科汉阳国际,2室2厅,82平米,2700
20180827,汉阳,王家湾,海天广场,1室1厅,50平米,2600
20180827,汉阳,王家湾,中国铁建国际花园,3室2厅,140平米,4200
20180827,汉阳,王家湾,新澳蓝草坪,2室2厅,95平米,2800
20180827,汉阳,王家湾,麦迪森广场,1室1厅,58平米,12000
20180827,汉阳,王家湾,磨山港湾,1室1厅,50平米,1800
20180827,汉阳,王家湾,磨山港湾,3室2厅,156平米,4500
20180827,汉阳,王家湾,昌南花园,3室2厅,124平米,2800
20180827,汉阳,王家湾,龙阳熙苑,1室0厅,23平米,1500
20180827,汉阳,王家湾,世纪龙城,3室2厅,130平米,3200
20180827,汉阳,王家湾,惠民苑三期,2室2厅,76平米,1600
20180827,汉阳,王家湾,王家湾中央生活区,1室1厅,65平米,2900
20180827,汉阳,王家湾,麦迪森广场,2室1厅,76平米,3500
20180827,汉阳,王家湾,万科新世纪翡翠滨江,2室2厅,92平米,3000
20180827,汉阳,王家湾,十里景秀,2室1厅,86平米,2100
20180827,汉阳,王家湾,龙阳熙苑,3室2厅,90平米,2900
20180827,汉阳,王家湾,人信汇一期,1室1厅,48平米,2200
20180827,汉阳,王家湾,磨山东苑,4室2厅,172平米,2500
20180827,汉阳,王家湾,龙阳南苑,3室1厅,86平米,2400
20180827,汉阳,王家湾,麦迪森广场,1室1厅,56平米,2600
20180827,汉阳,王家湾,麦迪森广场,1室0厅,81平米,4000
20180827,汉阳,王家湾,龙阳熙苑,3室1厅,7平米,960
20180827,汉阳,王家湾,王家湾中央生活区,2室1厅,48平米,3000
20180827,汉阳,王家湾,WM我们的垂直社交圈,2室2厅,114平米,10800
20180827,汉阳,王家湾,壹加壹空间,2室2厅,39平米,2400
20180827,汉阳,王家湾,WM我们的垂直社交圈,2室1厅,120平米,15000
20180827,汉阳,王家湾,南国明珠一期,1室1厅,40平米,1200
20180827,汉阳,王家湾,王家湾中央生活区,3室2厅,93平米,3400
20180827,汉阳,王家湾,万科新世纪翡翠滨江,2室2厅,92平米,2800
20180827,汉阳,王家湾,海天广场,1室1厅,43平米,9500
20180827,汉阳,王家湾,汉阳人信汇,1室1厅,53平米,2800
20180827,汉阳,王家湾,王家湾中央生活区,1室1厅,77平米,4000
20180827,汉阳,王家湾,汉城花园,3室2厅,126平米,2600
20180827,汉阳,王家湾,壹加壹空间,2室2厅,51平米,3500
20180827,汉阳,王家湾,海天广场,1室1厅,41平米,2400
20180827,汉阳,王家湾,世纪龙城,2室2厅,89平米,2200
20180827,汉阳,王家湾,王家湾中央生活区,2室2厅,42平米,2500
20180827,汉阳,王家湾,龙阳南苑,9室3厅,200平米,12000
20180827,汉阳,王家湾,麦迪森广场,1室1厅,76平米,33563
20180827,汉阳,王家湾,世纪龙城,2室1厅,75平米,2000
20180827,汉阳,王家湾,磨山港湾,2室2厅,98平米,2400
20180827,汉阳,王家湾,万科汉阳国际D壹区,3室2厅,108平米,3800
20180827,汉阳,王家湾,WM我们的垂直社交圈,1室0厅,60平米,5000
20180827,汉阳,王家湾,南国明珠二期,3室1厅,105平米,3000
20180827,汉阳,王家湾,人信汇一期,1室1厅,50平米,2200
20180827,汉阳,王家湾,万科汉阳国际,3室2厅,94平米,3000
20180827,汉阳,王家湾,磨山港湾,3室2厅,128平米,3600
20180827,汉阳,王家湾,龙阳熙苑,5室0厅,155平米,5800
20180827,汉阳,王家湾,人信汇一期,3室2厅,100平米,3200
20180827,汉阳,王家湾,万科汉阳国际,3室2厅,94平米,3000
20180827,汉阳,王家湾,世纪龙城,4室0厅,140平米,4000
20180827,汉阳,王家湾,WM我们的垂直社交圈,2室1厅,56平米,4800
20180827,汉阳,王家湾,十里景秀,2室2厅,85平米,2400
20180827,汉阳,王家湾,人信汇一期,3室2厅,81平米,3000
20180827,汉阳,王家湾,壹加壹空间,2室1厅,31平米,2300
20180827,汉阳,王家湾,海天广场,2室1厅,85平米,4980
20180827,汉阳,王家湾,WM我们的垂直社交圈,1室1厅,129平米,15520
20180827,汉阳,王家湾,麦迪森广场,1室1厅,63平米,33563
20180827,汉阳,王家湾,龙阳1号,2室2厅,92平米,2900
20180827,汉阳,王家湾,王家湾中央生活区中央之星,2室2厅,47平米,2800
20180827,汉阳,王家湾,海天广场,1室1厅,50平米,2800
20180827,汉阳,王家湾,磨山港湾,3室1厅,15平米,1390
20180827,汉阳,王家湾,万科新世纪翡翠滨江,2室2厅,92平米,3000
20180827,汉阳,王家湾,磨山港湾,1室1厅,50平米,1800
20180827,汉阳,王家湾,磨山港湾,3室2厅,156平米,4500
20180827,汉阳,王家湾,昌南花园,3室2厅,124平米,2800
20180827,汉阳,王家湾,龙阳熙苑,1室0厅,23平米,1500
20180827,汉阳,王家湾,王家湾中央生活区中央之星,1室1厅,66平米,3000
20180827,汉阳,王家湾,龙阳熙苑,3室1厅,7平米,960
20180827,汉阳,王家湾,龙阳熙苑,2室2厅,68平米,2500
20180827,汉阳,王家湾,世纪龙城,3室2厅,120平米,2800
20180827,汉阳,王家湾,陶馨园,2室1厅,74平米,1700
20180827,汉阳,王家湾,麦迪森广场,5室1厅,188平米,12000
20180827,汉阳,王家湾,中国铁建国际花园,3室2厅,141平米,3000
20180827,汉阳,王家湾,十里景秀,2室1厅,86平米,2100
20180827,汉阳,王家湾,龙阳熙苑,3室2厅,90平米,2900
20180827,汉阳,王家湾,人信汇一期,1室1厅,48平米,2200
20180827,汉阳,王家湾,磨山东苑,4室2厅,172平米,2500
20180827,汉阳,王家湾,王家湾中央生活区,1室1厅,47平米,2800
20180827,汉阳,王家湾,阳光城十里新城,5室1厅,11平米,1130
20180827,汉阳,王家湾,鑫瑞小城故事,2室1厅,65平米,1700
20180827,汉阳,王家湾,永开商住楼,2室2厅,82平米,1200
20180827,汉阳,王家湾,阳光城十里新城,5室1厅,16平米,1230
20180827,汉阳,王家湾,汉城花园,3室2厅,120平米,2600
20180827,汉阳,王家湾,汉城花园,2室2厅,100平米,2600
20180827,汉阳,王家湾,鑫瑞小城故事,1室1厅,45平米,1600
20180827,汉阳,王家湾,玫瑰西苑,3室2厅,110平米,2800
20180827,汉阳,王家湾,新澳蓝草坪,2室2厅,89平米,2700
20180827,汉阳,王家湾,龙阳御园,2室1厅,87平米,2400
20180827,汉阳,王家湾,玫瑰馨苑,3室2厅,110平米,3500
20180827,汉阳,王家湾,磨山港湾,3室1厅,15平米,1160
20180827,汉阳,王家湾,王家湾中央生活区,1室1厅,42平米,1400
20180827,汉阳,王家湾,磨山港湾,2室2厅,105平米,2700
20180827,汉阳,王家湾,时代映象,1室2厅,60平米,2300
20180827,汉阳,王家湾,磨山港湾,3室1厅,13平米,1260
20180827,汉阳,王家湾,王家湾中央生活区,2室0厅,143平米,8580
20180827,汉阳,王家湾,磨山港湾,4室2厅,156平米,3000
20180827,汉阳,王家湾,中国铁建国际城,3室1厅,12平米,1090
20180827,汉阳,王家湾,磨山港湾,4室1厅,12平米,1390
20180827,汉阳,王家湾,王家湾中央生活区,3室1厅,90平米,3000
20180827,汉阳,王家湾,磨山港湾,2室2厅,108平米,3000
20180827,汉阳,王家湾,中国铁建国际城,4室1厅,10平米,1290
20180827,汉阳,王家湾,人信汇一期,3室2厅,88平米,3200
20180827,汉阳,王家湾,南国明珠二期,2室2厅,87平米,2600
20180827,汉阳,王家湾,磨山港湾,3室1厅,12平米,1160
20180827,汉阳,王家湾,龙阳1号,2室2厅,90平米,2700
20180827,汉阳,王家湾,知音东苑社区,2室2厅,75平米,2000
20180827,汉阳,王家湾,永开商住楼,2室2厅,97平米,1700
20180827,汉阳,王家湾,龙阳熙苑,1室0厅,40平米,1600
20180827,汉阳,王家湾,阳光城十里新城,3室1厅,12平米,1330
20180827,汉阳,王家湾,汉江阳光城,2室1厅,45平米,2200
20180827,汉阳,王家湾,中国铁建国际花园,3室2厅,135平米,1300
20180827,汉阳,王家湾,磨山港湾,1室1厅,50平米,2300
20180827,汉阳,王家湾,万科汉阳国际,3室1厅,85平米,3000
20180827,汉阳,王家湾,人信汇一期,3室2厅,117平米,4500
20180827,汉阳,王家湾,人信汇一期,2室2厅,84平米,2700
20180827,汉阳,王家湾,世纪龙城,3室2厅,136平米,5835
20180827,汉阳,王家湾,磨山港湾,3室1厅,17平米,1230
20180827,汉阳,王家湾,万科汉阳国际,2室1厅,78平米,2500
20180827,汉阳,王家湾,王家湾中央生活区,1室1厅,66平米,3500
20180827,汉阳,王家湾,龙阳时代,1室1厅,37平米,8500
20180827,汉阳,王家湾,王家湾中央生活区,1室1厅,66平米,3500
20180827,汉阳,王家湾,龙阳雅苑北区,2室1厅,69平米,2000
20180827,汉阳,王家湾,汉阳人信汇,1室1厅,53平米,2600
20180827,汉阳,王家湾,海天广场,1室1厅,43平米,2600
20180827,汉阳,王家湾,汉阳人信汇,1室1厅,53平米,2400
20180827,汉阳,王家湾,壹加壹空间,3室1厅,49平米,2600
20180827,汉阳,王家湾,WM我们的垂直社交圈,1室1厅,60平米,18000
20180827,汉阳,王家湾,世纪龙城,3室2厅,127平米,3600
20180827,汉阳,王家湾,南国明珠三期,2室2厅,90平米,2680
20180827,汉阳,王家湾,朗诗绿色街区,2室1厅,45平米,1900
20180827,汉阳,王家湾,阳光城十里新城,3室2厅,135平米,800
20180827,汉阳,王家湾,汉城花园,3室2厅,125平米,2600
20180827,汉阳,王家湾,世纪龙城,3室2厅,116平米,3000
20180827,汉阳,王家湾,保和汉水湾,2室1厅,65平米,1800
20180827,汉阳,王家湾,阳城汉江苑,2室2厅,78平米,1600
20180827,汉阳,王家湾,WM我们的垂直社交圈,1室1厅,60平米,4500
20180827,汉阳,王家湾,万科汉阳国际,2室2厅,82平米,2300
20180827,汉阳,王家湾,中国铁建国际城,3室1厅,11平米,1190
20180827,汉阳,王家湾,万科汉阳国际,3室2厅,118平米,3500
20180827,汉阳,王家湾,王家湾中央生活区,1室1厅,77平米,4200
20180827,汉阳,王家湾,龙阳时代,2室1厅,50平米,4500
20180827,汉阳,王家湾,阳城汉江苑,2室2厅,78平米,1600
20180827,汉阳,王家湾,WM我们的垂直社交圈,1室1厅,60平米,4500
20180827,汉阳,王家湾,万科汉阳国际,2室2厅,82平米,2300
20180827,汉阳,王家湾,中国铁建国际城,3室1厅,11平米,1190
20180827,汉阳,王家湾,万科汉阳国际,3室1厅,118平米,3000
20180827,汉阳,王家湾,龙阳1号,4室2厅,148平米,3500
20180827,汉阳,王家湾,龙阳雅苑,3室2厅,118平米,1500
20180827,汉阳,王家湾,王家湾中央生活区,1室1厅,42平米,2800
20180827,汉阳,王家湾,龙阳时代,1室1厅,35平米,3700
20180827,汉阳,王家湾,WM我们的垂直社交圈,1室1厅,60平米,18000
20180827,汉阳,王家湾,玫瑰园西村,2室1厅,68平米,2000
20180827,汉阳,王家湾,WM我们的垂直社交圈,1室0厅,60平米,5000
20180827,汉阳,王家湾,国信新城二期,3室2厅,143平米,3000
20180827,汉阳,王家湾,磨山港湾,3室1厅,12平米,930
20180827,汉阳,王家湾,WM我们的垂直社交圈,1室1厅,129平米,15520
20180827,汉阳,王家湾,阳光城十里新城,3室1厅,87平米,3000
20180827,汉阳,王家湾,阳光城十里新城,3室2厅,105平米,1500
20180827,汉阳,王家湾,南国明珠一期,3室2厅,139平米,3000
20180827,汉阳,王家湾,磨山港湾,1室1厅,50平米,2300
20180827,汉阳,王家湾,万科汉阳国际,3室1厅,85平米,3000
20180827,汉阳,王家湾,人信汇一期,3室2厅,117平米,4500
20180827,汉阳,王家湾,人信汇一期,2室2厅,84平米,2700
20180827,汉阳,王家湾,世纪龙城,3室2厅,136平米,5835
20180827,汉阳,王家湾,磨山港湾,3室1厅,17平米,1230
20180827,汉阳,王家湾,南国明珠二期,2室2厅,130平米,2800
20180827,汉阳,王家湾,汉阳人信汇,1室1厅,53平米,3000
20180827,汉阳,王家湾,龙阳时代,2室2厅,84平米,7500
20180827,汉阳,王家湾,麦迪森广场,1室1厅,58平米,33563
20180827,汉阳,王家湾,人信汇一期,2室1厅,78平米,2400
20180827,汉阳,王家湾,万科汉阳国际,4室2厅,132平米,4500
20180827,汉阳,王家湾,陶馨园,2室1厅,74平米,1600
20180827,汉阳,王家湾,龙阳御园,2室1厅,60平米,1600
20180827,汉阳,王家湾,王家湾中央生活区,1室1厅,42平米,2500
20180827,汉阳,王家湾,万科汉阳国际,2室1厅,75平米,2600
20180827,汉阳,王家湾,海天广场,1室1厅,43平米,9500
20180827,汉阳,王家湾,汉阳人信汇,1室1厅,53平米,2800
20180827,汉阳,王家湾,王家湾中央生活区,1室1厅,77平米,4000
20180827,汉阳,王家湾,汉城花园,3室2厅,126平米,2600
20180827,汉阳,王家湾,壹加壹空间,2室2厅,51平米,3500
20180827,汉阳,王家湾,海天广场,1室1厅,41平米,2400
20180827,汉阳,王家湾,世纪龙城,2室2厅,89平米,2200
20180827,汉阳,王家湾,王家湾中央生活区,2室2厅,42平米,2500
20180827,汉阳,王家湾,龙阳南苑,9室3厅,200平米,12000
20180827,汉阳,王家湾,麦迪森广场,1室1厅,76平米,33563
20180827,汉阳,王家湾,世纪龙城,2室1厅,75平米,2000
20180827,汉阳,王家湾,知音东苑社区,2室1厅,58平米,1600
20180827,汉阳,王家湾,壹加壹空间,1室1厅,64平米,2500
20180827,汉阳,王家湾,鑫瑞小城故事,2室1厅,60平米,1800
20180827,汉阳,王家湾,汉阳人信汇二期天悦,2室1厅,79平米,1200
20180827,汉阳,王家湾,中国铁建国际花园,3室2厅,99平米,2800
20180827,汉阳,王家湾,龙阳熙苑,1室1厅,36平米,1800
20180827,汉阳,王家湾,赛博园,2室2厅,85平米,1800
20180827,汉阳,王家湾,南国明珠三期,2室1厅,75平米,1000
20180827,汉阳,王家湾,鑫瑞小城故事,3室1厅,103平米,2400
20180827,汉阳,王家湾,中国铁建国际城,2室1厅,84平米,2800
20180827,汉阳,王家湾,朗诗绿色街区,1室1厅,45平米,1850
20180827,汉阳,王家湾,南国明珠三期,2室2厅,92平米,2800
20180827,汉阳,王家湾,王家湾中央生活区,1室0厅,40平米,1300
20180827,汉阳,王家湾,WM我们的垂直社交圈,1室0厅,110平米,9400
20180827,汉阳,王家湾,WM我们的垂直社交圈,1室1厅,236平米,11300
20180827,汉阳,王家湾,龙阳熙苑,4室2厅,120平米,1500
20180827,汉阳,王家湾,LAKE街区知音国际茶城,1室1厅,30平米,1600
20180827,汉阳,王家湾,朗诗绿色街区,2室2厅,78平米,2500
20180827,汉阳,王家湾,南国明珠三期,2室2厅,88平米,2800
20180827,汉阳,王家湾,陶馨园,2室1厅,90平米,2200
20180827,汉阳,王家湾,玫瑰园西村,2室1厅,60平米,2200
20180827,汉阳,王家湾,万科汉阳国际,2室1厅,78平米,2600
20180827,汉阳,王家湾,龙阳时代,1室0厅,130平米,15000
20180827,汉阳,王家湾,万科新世纪翡翠滨江,2室1厅,92平米,2700
20180827,汉阳,王家湾,中国铁建国际城,2室2厅,89平米,2600
20180827,汉阳,王家湾,鑫瑞小城故事,1室1厅,46平米,1700
20180827,汉阳,王家湾,中国铁建国际花园,3室2厅,130平米,2100
20180827,汉阳,王家湾,玫瑰苑,3室2厅,135平米,2900
20180827,汉阳,王家湾,玫瑰苑,3室1厅,105平米,2800
20180827,汉阳,王家湾,壹加壹空间,1室1厅,60平米,2600
20180827,汉阳,王家湾,水仙里社区,3室2厅,144平米,2600
20180827,汉阳,王家湾,玫瑰东苑,3室2厅,106平米,2600
20180827,汉阳,王家湾,永开商住楼,2室1厅,80平米,1600
20180827,汉阳,王家湾,世纪龙城,4室2厅,110平米,2600
20180827,汉阳,王家湾,水墨兰轩,2室2厅,93平米,1800
20180827,汉阳,王家湾,壹加壹空间,1室0厅,10平米,750
20180827,汉阳,王家湾,龙阳时代,2室1厅,50平米,4000
20180827,汉阳,王家湾,龙阳时代,1室0厅,50平米,4000
20180827,汉阳,王家湾,玫瑰西苑社区嘉园小区,2室1厅,77平米,1700
20180827,汉阳,王家湾,万科汉阳国际,4室2厅,132平米,4500
20180827,汉阳,王家湾,汉阳人信汇二期天悦,4室2厅,138平米,4500
20180827,汉阳,王家湾,龙阳时代,2室2厅,80平米,1800
20180827,汉阳,王家湾,万科汉阳国际,4室2厅,132平米,3500
20180827,汉阳,王家湾,鑫瑞小城故事,2室1厅,60平米,1700
20180827,汉阳,王家湾,玫瑰苑G区,2室2厅,85平米,1800
20180827,汉阳,王家湾,世纪龙城,4室0厅,140平米,4000
20180827,汉阳,王家湾,WM我们的垂直社交圈,2室1厅,56平米,4800
20180827,汉阳,王家湾,十里景秀,2室2厅,85平米,2400
20180827,汉阳,王家湾,人信汇一期,3室2厅,81平米,3000
20180827,汉阳,王家湾,壹加壹空间,2室1厅,31平米,2300
20180827,汉阳,王家湾,海天广场,2室1厅,85平米,4980
20180827,汉阳,王家湾,WM我们的垂直社交圈,1室1厅,129平米,15520
20180827,汉阳,王家湾,麦迪森广场,1室1厅,63平米,33563
20180827,汉阳,王家湾,龙阳1号,2室2厅,92平米,2900
20180827,汉阳,王家湾,王家湾中央生活区中央之星,2室2厅,47平米,2800
20180827,汉阳,王家湾,海天广场,1室1厅,50平米,2800
20180827,汉阳,王家湾,磨山港湾,3室1厅,15平米,1390
20180827,汉阳,王家湾,海天广场,1室1厅,43平米,9500
20180827,汉阳,王家湾,汉阳人信汇,1室1厅,53平米,2800
20180827,汉阳,王家湾,王家湾中央生活区,1室1厅,77平米,4000
20180827,汉阳,王家湾,汉城花园,3室2厅,126平米,2600
20180827,汉阳,王家湾,壹加壹空间,2室2厅,51平米,3500
20180827,汉阳,王家湾,海天广场,1室1厅,41平米,2400
20180827,汉阳,王家湾,世纪龙城,2室2厅,89平米,2200
20180827,汉阳,王家湾,王家湾中央生活区,2室2厅,42平米,2500
20180827,汉阳,王家湾,龙阳南苑,9室3厅,200平米,12000
20180827,汉阳,王家湾,麦迪森广场,1室1厅,76平米,33563
20180827,汉阳,王家湾,世纪龙城,2室1厅,75平米,2000
20180827,汉阳,王家湾,磨山港湾,2室2厅,98平米,2400
20180827,汉阳,王家湾,万科汉阳国际D壹区,3室2厅,108平米,3800
20180827,汉阳,王家湾,WM我们的垂直社交圈,1室0厅,60平米,5000
20180827,汉阳,王家湾,南国明珠二期,3室1厅,105平米,3000
20180827,汉阳,王家湾,人信汇一期,1室1厅,50平米,2200
20180827,汉阳,王家湾,万科汉阳国际,3室2厅,94平米,3000
20180827,汉阳,王家湾,磨山港湾,3室2厅,128平米,3600
20180827,汉阳,王家湾,龙阳熙苑,5室0厅,155平米,5800
20180827,汉阳,王家湾,汉阳人信汇,1室1厅,54平米,3000
20180827,汉阳,王家湾,汉阳人信汇,1室1厅,57平米,2800
20180827,汉阳,王家湾,南国明珠一期,3室2厅,140平米,3500
20180827,汉阳,王家湾,知音东苑社区,2室1厅,58平米,1600
20180827,汉阳,王家湾,壹加壹空间,1室1厅,64平米,2500
20180827,汉阳,王家湾,鑫瑞小城故事,2室1厅,60平米,1800
20180827,汉阳,王家湾,磨山港湾,2室2厅,94平米,2400
20180827,汉阳,王家湾,朗诗绿色街区,2室2厅,77平米,2600
20180827,汉阳,王家湾,陶馨园,1室1厅,54平米,1700
20180827,汉阳,王家湾,王家湾中央生活区,5室1厅,13平米,1590
20180827,汉阳,王家湾,王家湾中央生活区,1室1厅,650平米,39000
20180827,汉阳,王家湾,LAKE街区知音国际茶城,2室2厅,89平米,2800
20180827,汉阳,王家湾,万科新世纪翡翠滨江,2室1厅,92平米,2600
20180827,汉阳,王家湾,磨山港湾,1室1厅,50平米,2000
20180827,汉阳,王家湾,赛博园,2室2厅,89平米,2200
20180827,汉阳,王家湾,顶琇广场,1室1厅,46平米,1900
20180827,汉阳,王家湾,麦迪森广场,1室1厅,52平米,2000
20180827,汉阳,王家湾,壹加壹空间,2室1厅,60平米,2500
20180827,汉阳,王家湾,阳光城十里新城,2室2厅,79平米,2800
20180827,汉阳,王家湾,南国明珠一期,3室2厅,133平米,3300
20180827,汉阳,王家湾,麦迪森广场,1室0厅,77平米,4000
20180827,汉阳,王家湾,锦绣汉江四区,1室1厅,47平米,1500
20180827,汉阳,王家湾,南国明珠一期,3室2厅,135平米,3333
20180827,汉阳,王家湾,磨山港湾,2室1厅,80平米,2000
20180827,汉阳,王家湾,南国明珠一期,4室1厅,15平米,1290
20180827,汉阳,王家湾,万科汉阳国际,3室2厅,95平米,3100
20180827,汉阳,王家湾,汉城花园,3室2厅,125平米,2400
20180827,汉阳,王家湾,中国铁建国际花园,2室2厅,60平米,2000
20180827,汉阳,王家湾,创新小区,1室1厅,44平米,1600
20180827,汉阳,王家湾,阳光城十里新城,2室2厅,79平米,2800
20180827,汉阳,王家湾,保利香颂,3室2厅,123平米,2500
20180827,汉阳,王家湾,世纪龙城,2室2厅,85平米,2500
20180827,汉阳,王家湾,中国铁建国际城,2室2厅,87平米,2300
20180827,汉阳,王家湾,保利香颂,3室2厅,128平米,3500
20180827,汉阳,王家湾,南国明珠一期,3室2厅,139平米,3200
20180827,汉阳,王家湾,南国明珠一期,3室2厅,158平米,3800
20180827,汉阳,王家湾,昌南花园,2室2厅,90平米,1800
20180827,汉阳,王家湾,南国明珠一期,3室2厅,133平米,3300
20180827,汉阳,王家湾,磨山港湾,2室1厅,80平米,2000
20180827,汉阳,王家湾,万科新世纪翡翠滨江,3室2厅,97平米,2800
20180827,汉阳,王家湾,龙阳御园,4室2厅,140平米,3500
20180827,汉阳,王家湾,水墨兰轩,2室2厅,108平米,2900
20180827,汉阳,王家湾,赛博园,2室2厅,89平米,2200
20180827,汉阳,王家湾,壹加壹空间,2室1厅,60平米,2500
20180827,汉阳,王家湾,顶琇广场,1室1厅,46平米,1900
20180827,汉阳,王家湾,南国明珠一期,4室3厅,235平米,8000
20180827,汉阳,王家湾,龙阳熙苑,1室0厅,40平米,1700
20180827,汉阳,王家湾,汉阳人信汇二期天悦,1室0厅,20平米,1200
20180827,汉阳,王家湾,玫瑰园西村,1室1厅,43平米,1600
20180827,汉阳,王家湾,龙阳熙苑,2室1厅,95平米,3000
20180827,汉阳,王家湾,南国明珠一期,4室1厅,18平米,990
20180827,汉阳,王家湾,国信新城一期,3室2厅,107平米,2800
20180827,汉阳,王家湾,保利香颂,2室2厅,80平米,1500
20180827,汉阳,王家湾,中国铁建国际城,2室2厅,86平米,2600
20180827,汉阳,王家湾,磨山港湾,4室1厅,145平米,1000
20180827,汉阳,王家湾,水墨甲秀,1室1厅,60平米,2200
20180827,汉阳,王家湾,龙阳1号,3室1厅,124平米,3600
20180827,汉阳,王家湾,万科新世纪翡翠滨江,3室2厅,97平米,2800
20180827,汉阳,王家湾,磨山港湾,2室2厅,110平米,2800
20180827,汉阳,王家湾,中国铁建国际城,2室2厅,86平米,2600
20180827,汉阳,王家湾,汉阳人信汇二期天悦,1室0厅,20平米,1200
20180827,汉阳,王家湾,龙阳熙苑,1室0厅,40平米,1700
20180827,汉阳,王家湾,南国明珠一期,3室2厅,135平米,3000
20180827,汉阳,王家湾,水墨兰轩,2室2厅,108平米,2900
20180827,汉阳,王家湾,南国明珠一期,4室3厅,235平米,8000
20180827,汉阳,王家湾,中国铁建国际城,3室1厅,92平米,3000
20180827,汉阳,王家湾,万科汉阳国际,2室1厅,75平米,2700
20180827,汉阳,王家湾,二桥东村,3室2厅,95平米,2300
20180827,汉阳,王家湾,中国铁建国际城,2室2厅,87平米,2300
20180827,汉阳,王家湾,南国明珠一期,3室2厅,139平米,3200
20180827,汉阳,王家湾,南国明珠一期,3室2厅,158平米,3800
20180827,汉阳,王家湾,水仙里社区,2室1厅,71平米,1600
20180827,汉阳,王家湾,玫瑰园西村,3室1厅,75平米,1800
20180827,汉阳,王家湾,世纪龙城,2室2厅,85平米,2500
20180827,汉阳,王家湾,保利香颂,3室2厅,128平米,3500
20180827,汉阳,王家湾,昌南花园,2室2厅,90平米,1800
20180827,汉阳,王家湾,玫瑰苑,2室2厅,85平米,1800
20180827,汉阳,王家湾,万科新世纪翡翠滨江,2室1厅,92平米,2500
20180827,汉阳,王家湾,万科汉阳国际,2室1厅,75平米,2600
20180827,汉阳,王家湾,玫瑰苑,3室1厅,84平米,2800
20180827,汉阳,王家湾,龙阳时代,1室1厅,46平米,10000
20180827,汉阳,王家湾,龙阳时代,1室1厅,45平米,10000
20180827,汉阳,王家湾,南国明珠一期,3室2厅,135平米,3000
20180827,汉阳,王家湾,南国明珠一期,3室2厅,131平米,3300
20180827,汉阳,王家湾,王家湾中央生活区,2室1厅,87平米,3500
20180827,汉阳,王家湾,人信汇一期,2室2厅,75平米,2600
20180827,汉阳,王家湾,磨山港湾,2室2厅,93平米,2400
20180827,汉阳,王家湾,磨山港湾,2室2厅,94平米,2300
20180827,汉阳,王家湾,王家湾中央生活区,2室1厅,91平米,3000
20180827,汉阳,王家湾,锦绣汉江四区,2室2厅,86平米,2400
20180827,汉阳,王家湾,王家湾中央生活区,3室2厅,90平米,3200
20180827,汉阳,王家湾,顶琇广场,1室1厅,45平米,1900
20180827,汉阳,王家湾,龙阳雅苑,3室2厅,137平米,3200
20180827,汉阳,王家湾,顶琇广场,1室1厅,50平米,1850
20180827,汉阳,王家湾,世纪龙城,3室2厅,138平米,3500
20180827,汉阳,王家湾,龙阳凯悦大厦,2室1厅,89平米,3700
20180827,汉阳,王家湾,万科新世纪翡翠滨江,3室2厅,92平米,3000
20180827,汉阳,王家湾,龙阳御园,3室2厅,120平米,3200
20180827,汉阳,王家湾,阳光城十里新城,2室2厅,88平米,3000
20180827,汉阳,王家湾,汉阳人信汇二期天悦,3室1厅,89平米,3500
20180827,汉阳,王家湾,佳兆业滨江壹号,2室2厅,91平米,3000
20180827,汉阳,王家湾,南国明珠二期,3室1厅,138平米,3400
20180827,汉阳,王家湾,万科汉阳国际D壹区,3室2厅,86平米,3300
20180827,汉阳,王家湾,南国明珠一期,3室2厅,134平米,3800
20180827,汉阳,王家湾,南国明珠一期,2室2厅,92平米,2600
20180827,汉阳,王家湾,龙阳御园,2室1厅,70平米,2400
20180827,汉阳,王家湾,南国明珠二期,2室1厅,95平米,2600
20180827,汉阳,王家湾,南国明珠一期,2室2厅,99平米,2500
20180827,汉阳,王家湾,十里景秀,1室1厅,54平米,1500
20180827,汉阳,王家湾,磨山港湾,1室1厅,60平米,1700
20180827,汉阳,王家湾,赛博园,2室1厅,89平米,2300
20180827,汉阳,王家湾,时代映象,1室1厅,58平米,1700
20180827,汉阳,王家湾,十里景秀,1室1厅,58平米,1800
20180827,汉阳,王家湾,中国铁建国际城,2室2厅,85平米,2300
20180827,汉阳,王家湾,人信汇一期,1室1厅,47平米,2000
20180827,汉阳,王家湾,磨山港湾,2室1厅,81平米,2700
20180827,汉阳,王家湾,磨山港湾,3室2厅,108平米,3240
20180827,汉阳,王家湾,玫瑰苑,2室2厅,85平米,2500
20180827,汉阳,王家湾,中国铁建国际城,2室2厅,90平米,2600
