20180827,江汉,武广万松园,同成广场,3室2厅,150平米,6500
20180827,江汉,武广万松园,同成广场,3室2厅,136平米,6000
20180827,江汉,武广万松园,新华公寓,5室2厅,200平米,4000
20180827,江汉,武广万松园,万松广场,4室2厅,166平米,6000
20180827,江汉,武广万松园,万松小区,1室0厅,28平米,2500
20180827,江汉,武广万松园,取水楼社区,1室1厅,40平米,1500
20180827,江汉,武广万松园,圣淘沙酒店式公寓,1室1厅,42平米,2300
20180827,江汉,武广万松园,东一时区,4室2厅,180平米,6500
20180827,江汉,武广万松园,万松小区,2室1厅,50平米,1400
20180827,江汉,武广万松园,青年广场,2室1厅,106平米,3000
20180827,江汉,武广万松园,新华路215号,2室1厅,70平米,2000
20180827,江汉,武广万松园,新华街邮三社区,2室2厅,90平米,3200
20180827,江汉,武广万松园,楚天星座公寓,1室1厅,50平米,2800
20180827,江汉,武广万松园,越秀国际金融汇二期,3室1厅,106平米,5200
20180827,江汉,武广万松园,新华街邮三社区,1室1厅,49平米,2000
20180827,江汉,武广万松园,创世纪广场,0室1厅,55平米,2900
20180827,江汉,武广万松园,越秀国际金融汇二期,3室1厅,105平米,6000
20180827,江汉,武广万松园,东方时空,3室2厅,103平米,3000
20180827,江汉,武广万松园,万松小区,2室1厅,63平米,2200
20180827,江汉,武广万松园,武广公寓,3室2厅,117平米,3800
20180827,江汉,武广万松园,万松小区,2室2厅,121平米,3000
20180827,江汉,武广万松园,越秀国际金融汇二期,3室2厅,104平米,5000
20180827,江汉,武广万松园,新华明珠,2室1厅,110平米,4500
20180827,江汉,武广万松园,楚天星座公寓,1室1厅,45平米,2300
20180827,江汉,武广万松园,圣淘沙酒店式公寓,2室1厅,75平米,3200
20180827,江汉,武广万松园,越秀国际金融汇二期,3室2厅,105平米,6000
20180827,江汉,武广万松园,东方时空,1室1厅,47平米,2300
20180827,江汉,武广万松园,广播大院,3室1厅,81平米,3500
20180827,江汉,武广万松园,创世纪广场,1室1厅,63平米,3600
20180827,江汉,武广万松园,利济北路244号,3室1厅,90平米,3700
20180827,江汉,武广万松园,新华明珠,3室2厅,151平米,7000
20180827,江汉,武广万松园,新华明珠,3室1厅,155平米,8500
20180827,江汉,武广万松园,楚天星座公寓,1室1厅,43平米,2200
20180827,江汉,武广万松园,银松路104到114号,2室1厅,66平米,2100
20180827,江汉,武广万松园,利济北路244号,2室1厅,62平米,2500
20180827,江汉,武广万松园,南国中心,3室2厅,137平米,6800
20180827,江汉,武广万松园,东一时区,3室2厅,150平米,5500
20180827,江汉,武广万松园,同成广场,1室0厅,286平米,13000
20180827,江汉,武广万松园,福星城市花园,4室2厅,141平米,5500
20180827,江汉,武广万松园,南国中心,3室1厅,137平米,5000
20180827,江汉,武广万松园,圣淘沙酒店式公寓,1室0厅,44平米,2100
20180827,江汉,武广万松园,江城华庭,1室1厅,330平米,10000
20180827,江汉,武广万松园,青松社区,3室2厅,117平米,4000
20180827,江汉,武广万松园,南国中心,2室2厅,97平米,4500
20180827,江汉,武广万松园,楚天星座公寓,1室1厅,60平米,2600
20180827,江汉,武广万松园,中山广场,1室1厅,55平米,3300
20180827,江汉,武广万松园,圣淘沙酒店式公寓,1室1厅,70平米,2500
20180827,江汉,武广万松园,创世纪广场,1室1厅,60平米,3800
20180827,江汉,武广万松园,创世纪广场,1室0厅,64平米,3400
20180827,江汉,武广万松园,圣淘沙酒店式公寓,1室1厅,50平米,2000
20180827,江汉,武广万松园,青松社区,1室1厅,53平米,1700
20180827,江汉,武广万松园,新华街邮三社区,2室1厅,90平米,3000
20180827,江汉,武广万松园,市教委万松小区,3室1厅,75平米,3500
20180827,江汉,武广万松园,越秀国际金融汇二期,3室1厅,108平米,5500
20180827,江汉,武广万松园,武广写字楼,2室2厅,113平米,6400
20180827,江汉,武广万松园,青年广场,3室2厅,129平米,4500
20180827,江汉,武广万松园,南国中心,2室1厅,97平米,5000
20180827,江汉,武广万松园,同成广场,3室2厅,134平米,7100
20180827,江汉,武广万松园,新华明珠,1室1厅,68平米,3200
20180827,江汉,武广万松园,万松小区,2室1厅,68平米,2900
20180827,江汉,武广万松园,市教委万松小区,3室1厅,75平米,3500
20180827,江汉,武广万松园,武展社区,2室1厅,60平米,2500
20180827,江汉,武广万松园,创世纪广场,1室1厅,64平米,3680
20180827,江汉,武广万松园,越秀国际金融汇二期,4室1厅,10平米,1490
20180827,江汉,武广万松园,青松社区,1室1厅,40平米,1900
20180827,江汉,武广万松园,南国中心,2室1厅,95平米,5000
20180827,江汉,武广万松园,江城华庭,1室0厅,30平米,1800
20180827,江汉,武广万松园,红松巷,2室1厅,60平米,1600
20180827,江汉,武广万松园,省运社区,2室1厅,52平米,2600
20180827,江汉,武广万松园,统建千禧园,1室1厅,20平米,1100
20180827,江汉,武广万松园,青松社区,1室1厅,40平米,1200
20180827,江汉,武广万松园,雪松路102到106号,2室1厅,75平米,3500
20180827,江汉,武广万松园,越秀国际金融汇,3室1厅,113平米,7000
20180827,江汉,武广万松园,越秀国际金融汇,3室2厅,104平米,5000
20180827,江汉,武广万松园,省运社区,2室1厅,52平米,2300
20180827,江汉,武广万松园,万松小区,2室1厅,75平米,2600
20180827,江汉,武广万松园,青松社区,3室1厅,121平米,3000
20180827,江汉,武广万松园,南国中心,2室1厅,97平米,5000
20180827,江汉,武广万松园,楚天星座公寓,3室1厅,40平米,2600
20180827,江汉,武广万松园,圣淘沙酒店式公寓,2室1厅,53平米,2300
20180827,江汉,武广万松园,万松小区,2室2厅,120平米,3200
20180827,江汉,武广万松园,武广公寓,2室2厅,97平米,4200
20180827,江汉,武广万松园,万松园农林局宿舍,3室1厅,105平米,3200
20180827,江汉,武广万松园,新华公寓,7室1厅,200平米,8000
20180827,江汉,武广万松园,南国中心,3室2厅,96平米,4200
20180827,江汉,武广万松园,南国中心,2室1厅,97平米,5000
20180827,江汉,武广万松园,万松小区,1室1厅,50平米,1800
20180827,江汉,武广万松园,新育社区出版社小区,2室1厅,70平米,3000
20180827,江汉,武广万松园,同成广场,3室1厅,128平米,4000
20180827,江汉,武广万松园,江都仕嘉,2室1厅,72平米,3600
20180827,江汉,武广万松园,圣淘沙酒店式公寓,1室1厅,49平米,2100
20180827,江汉,武广万松园,江都仕嘉,2室2厅,140平米,3500
20180827,江汉,武广万松园,创世纪广场,1室0厅,55平米,2900
20180827,江汉,武广万松园,越秀国际金融汇二期,3室2厅,108平米,5500
20180827,江汉,武广万松园,万松小区,3室2厅,100平米,2800
20180827,江汉,武广万松园,圣淘沙酒店式公寓,1室1厅,70平米,2800
20180827,江汉,武广万松园,万松小区,2室1厅,55平米,2000
20180827,江汉,武广万松园,统建千禧园,4室2厅,143平米,5000
20180827,江汉,武广万松园,越秀国际金融汇二期,3室2厅,108平米,5600
20180827,江汉,武广万松园,青松社区,2室1厅,60平米,2000
20180827,江汉,武广万松园,创世纪广场,9室3厅,340平米,20000
20180827,江汉,武广万松园,东方时空,2室1厅,103平米,3700
20180827,江汉,武广万松园,南国中心,2室2厅,97平米,7000
20180827,江汉,武广万松园,同成广场,4室2厅,141平米,6500
20180827,江汉,武广万松园,圣淘沙酒店式公寓,1室0厅,38平米,1900
20180827,江汉,武广万松园,楚天星座公寓,1室1厅,66平米,2400
20180827,江汉,武广万松园,党校宿舍（武广万松园）,2室1厅,71平米,3600
20180827,江汉,武广万松园,圣淘沙酒店式公寓,1室0厅,62平米,2500
20180827,江汉,武广万松园,越秀国际金融汇二期,3室2厅,105平米,5000
20180827,江汉,武广万松园,越秀国际金融汇,1室0厅,10平米,600
20180827,江汉,武广万松园,江城华庭,1室0厅,35平米,2000
20180827,江汉,武广万松园,新华明珠,3室2厅,150平米,4800
20180827,江汉,武广万松园,新华明珠,2室1厅,61平米,3500
20180827,江汉,武广万松园,创世纪广场,1室1厅,53平米,2800
20180827,江汉,武广万松园,新华明珠,1室1厅,60平米,6000
20180827,江汉,武广万松园,圣淘沙酒店式公寓,1室1厅,59平米,2500
20180827,江汉,武广万松园,党校宿舍（武广万松园）,2室1厅,98平米,3200
20180827,江汉,武广万松园,创世纪广场,1室1厅,53平米,3200
20180827,江汉,武广万松园,同成广场,5室1厅,195平米,8000
20180827,江汉,武广万松园,越秀国际金融汇二期,3室2厅,105平米,6500
20180827,江汉,武广万松园,江城华庭,1室0厅,30平米,1800
20180827,江汉,武广万松园,中奇欧式花园,4室2厅,189平米,5800
20180827,江汉,武广万松园,越秀国际金融汇二期,3室2厅,106平米,5000
20180827,江汉,武广万松园,南国中心,2室2厅,96平米,4800
20180827,江汉,武广万松园,越秀国际金融汇二期,4室2厅,163平米,8500
20180827,江汉,武广万松园,武广公寓,2室2厅,97平米,3800
20180827,江汉,武广万松园,创世纪广场,1室1厅,55平米,3000
20180827,江汉,武广万松园,循礼村58到60号,3室2厅,80平米,2700
20180827,江汉,武广万松园,南国中心,2室1厅,97平米,4100
20180827,江汉,武广万松园,武广公寓,3室2厅,120平米,4300
20180827,江汉,武广万松园,红松巷,3室1厅,100平米,3300
20180827,江汉,武广万松园,东方时空,2室1厅,94平米,3000
20180827,江汉,武广万松园,南国中心,2室1厅,96平米,3900
20180827,江汉,武广万松园,万松小区,2室1厅,79平米,2000
20180827,江汉,武广万松园,青松社区,1室1厅,24平米,1200
20180827,江汉,武广万松园,南国中心,2室2厅,97平米,4500
20180827,江汉,武广万松园,楚天星座公寓,1室1厅,60平米,2600
20180827,江汉,武广万松园,中山广场,1室1厅,55平米,3300
20180827,江汉,武广万松园,圣淘沙酒店式公寓,1室1厅,70平米,2500
20180827,江汉,武广万松园,楚天星座公寓,1室1厅,52平米,2100
20180827,江汉,武广万松园,楚天星座公寓,1室1厅,45平米,2300
20180827,江汉,武广万松园,万松小区,2室1厅,100平米,3200
20180827,江汉,武广万松园,东一时区,3室2厅,136平米,4400
20180827,江汉,武广万松园,创世纪广场,1室0厅,64平米,3400
20180827,江汉,武广万松园,同成广场,3室2厅,135平米,7100
20180827,江汉,武广万松园,青松社区,3室1厅,117平米,4000
20180827,江汉,武广万松园,越秀国际金融汇二期,3室2厅,106平米,5000
20180827,江汉,武广万松园,中山广场,1室1厅,44平米,2800
20180827,江汉,武广万松园,青松社区,2室2厅,83平米,3000
20180827,江汉,武广万松园,越秀国际金融汇二期,3室1厅,108平米,5500
20180827,江汉,武广万松园,创世纪广场,1室0厅,55平米,2900
20180827,江汉,武广万松园,越秀国际金融汇二期,3室2厅,108平米,5500
20180827,江汉,武广万松园,万松小区,3室2厅,100平米,2800
20180827,江汉,武广万松园,青松社区,2室1厅,60平米,2000
20180827,江汉,武广万松园,创世纪广场,9室3厅,340平米,20000
20180827,江汉,武广万松园,东方时空,2室1厅,103平米,3700
20180827,江汉,武广万松园,南国中心,2室2厅,97平米,7000
20180827,江汉,武广万松园,同成广场,4室2厅,141平米,6500
20180827,江汉,武广万松园,圣淘沙酒店式公寓,1室0厅,38平米,1900
20180827,江汉,武广万松园,楚天星座公寓,1室1厅,66平米,2400
20180827,江汉,武广万松园,党校宿舍（武广万松园）,2室1厅,71平米,3600
20180827,江汉,武广万松园,圣淘沙酒店式公寓,1室0厅,62平米,2500
20180827,江汉,武广万松园,南国中心,3室1厅,96平米,5500
20180827,江汉,武广万松园,圣淘沙酒店式公寓,1室1厅,43平米,2100
20180827,江汉,武广万松园,越秀国际金融汇二期,3室2厅,105平米,5000
20180827,江汉,武广万松园,越秀国际金融汇二期,3室1厅,106平米,5000
20180827,江汉,武广万松园,万科金色家园一期,2室2厅,93平米,3800
20180827,江汉,武广万松园,越秀国际金融汇,3室1厅,114平米,5500
20180827,江汉,武广万松园,党校宿舍（武广万松园）,2室1厅,98平米,3200
20180827,江汉,武广万松园,创世纪广场,1室1厅,53平米,3200
20180827,江汉,武广万松园,同成广场,5室1厅,195平米,8000
20180827,江汉,武广万松园,越秀国际金融汇二期,3室2厅,105平米,6500
20180827,江汉,武广万松园,江城华庭,1室0厅,30平米,1800
20180827,江汉,武广万松园,越秀国际金融汇二期,3室2厅,105平米,5000
20180827,江汉,武广万松园,中奇欧式花园,4室2厅,189平米,5800
20180827,江汉,武广万松园,越秀国际金融汇二期,3室2厅,106平米,5000
20180827,江汉,武广万松园,南国中心,2室2厅,96平米,4800
20180827,江汉,武广万松园,越秀国际金融汇二期,4室2厅,163平米,8500
20180827,江汉,武广万松园,武广公寓,2室2厅,97平米,3800
20180827,江汉,武广万松园,圣淘沙酒店式公寓,2室1厅,75平米,3200
20180827,江汉,武广万松园,新华街邮三社区,1室1厅,60平米,2000
20180827,江汉,武广万松园,越秀国际金融汇,3室1厅,103平米,4500
20180827,江汉,武广万松园,圣淘沙酒店式公寓,1室1厅,50平米,2200
20180827,江汉,武广万松园,万松小区,2室1厅,75平米,3200
20180827,江汉,武广万松园,越秀国际金融汇二期,4室2厅,193平米,12000
20180827,江汉,武广万松园,新华明珠,2室2厅,118平米,4500
20180827,江汉,武广万松园,越秀国际金融汇二期,3室1厅,106平米,5000
20180827,江汉,武广万松园,楚天星座公寓,1室1厅,53平米,2800
20180827,江汉,武广万松园,南国中心,3室2厅,96平米,4200
20180827,江汉,武广万松园,南国中心,2室1厅,97平米,5000
20180827,江汉,武广万松园,万松小区,1室1厅,50平米,1800
20180827,江汉,武广万松园,南国中心,3室1厅,96平米,5100
20180827,江汉,武广万松园,创世纪广场,1室1厅,55平米,3000
20180827,江汉,武广万松园,循礼村58到60号,3室2厅,80平米,2700
20180827,江汉,武广万松园,南国中心,2室1厅,97平米,4100
20180827,江汉,武广万松园,武广公寓,3室2厅,120平米,4300
20180827,江汉,武广万松园,红松巷,3室1厅,100平米,3300
20180827,江汉,武广万松园,同成广场,4室2厅,199平米,8500
20180827,江汉,武广万松园,天瑞国际酒店公寓,1室1厅,62平米,2300
20180827,江汉,武广万松园,越秀国际金融汇二期,3室2厅,133平米,6000
20180827,江汉,武广万松园,新华明珠,2室1厅,70平米,3700
20180827,江汉,武广万松园,楚天星座公寓,1室1厅,43平米,2000
20180827,江汉,武广万松园,新华明珠,2室2厅,113平米,5200
20180827,江汉,武广万松园,江汉北村,1室1厅,42平米,1300
20180827,江汉,武广万松园,越秀国际金融汇,3室2厅,104平米,7000
20180827,江汉,武广万松园,越秀国际金融汇二期,3室2厅,105平米,5500
20180827,江汉,武广万松园,新华公寓,3室1厅,120平米,3500
20180827,江汉,武广万松园,南国中心,2室1厅,97平米,4500
20180827,江汉,武广万松园,新华小路129号,3室1厅,80平米,2300
20180827,江汉,武广万松园,东方时空,2室1厅,94平米,4000
20180827,江汉,武广万松园,越秀国际金融汇二期,3室2厅,106平米,6000
20180827,江汉,武广万松园,圣淘沙酒店式公寓,1室1厅,49平米,2100
20180827,江汉,武广万松园,江都仕嘉,2室2厅,140平米,3500
20180827,江汉,武广万松园,国贸新都,5室2厅,314平米,18000
20180827,江汉,武广万松园,万科金色家园一期,2室1厅,94平米,4300
20180827,江汉,武广万松园,新华明珠,1室1厅,65平米,2500
20180827,江汉,武广万松园,越秀国际金融汇,3室2厅,113平米,6500
20180827,江汉,武广万松园,市教委万松小区,2室1厅,70平米,3000
20180827,江汉,武广万松园,江汉北村,2室1厅,75平米,2100
20180827,江汉,武广万松园,越秀国际金融汇,3室2厅,130平米,6000
20180827,江汉,武广万松园,越秀国际金融汇二期,3室2厅,127平米,6000
20180827,江汉,武广万松园,东一时区,3室2厅,133平米,5400
20180827,江汉,武广万松园,江汉北村,1室1厅,42平米,1300
20180827,江汉,武广万松园,越秀国际金融汇,3室2厅,104平米,7000
20180827,江汉,武广万松园,越秀国际金融汇二期,3室2厅,105平米,5500
20180827,江汉,武广万松园,新华公寓,3室1厅,120平米,3500
20180827,江汉,武广万松园,东一时区,1室0厅,135平米,6000
20180827,江汉,武广万松园,国贸新都,2室1厅,128平米,4000
20180827,江汉,武广万松园,南国中心,3室1厅,137平米,6000
20180827,江汉,武广万松园,南国中心,3室2厅,138平米,6500
20180827,江汉,武广万松园,同成广场,4室2厅,135平米,5600
20180827,江汉,武广万松园,创世纪广场,3室2厅,127平米,7620
20180827,江汉,武广万松园,国贸新都,1室1厅,131平米,4300
20180827,江汉,武广万松园,越秀国际金融汇二期,3室2厅,106平米,5000
20180827,江汉,武广万松园,越秀国际金融汇二期,3室2厅,106平米,5500
20180827,江汉,武广万松园,越秀国际金融汇二期,3室2厅,124平米,6200
20180827,江汉,武广万松园,圣淘沙酒店式公寓,1室1厅,37平米,2000
20180827,江汉,武广万松园,南国中心,3室1厅,97平米,4500
20180827,江汉,武广万松园,劲松巷6到14号,2室1厅,60平米,2000
20180827,江汉,武广万松园,东一时区,4室2厅,178平米,7500
20180827,江汉,武广万松园,越秀国际金融汇,3室2厅,113平米,6500
20180827,江汉,武广万松园,市教委万松小区,2室1厅,70平米,3000
20180827,江汉,武广万松园,江汉北村,2室1厅,75平米,2100
20180827,江汉,武广万松园,越秀国际金融汇,3室2厅,130平米,6000
20180827,江汉,武广万松园,越秀国际金融汇二期,3室2厅,127平米,6000
20180827,江汉,武广万松园,东一时区,3室2厅,133平米,5400
20180827,江汉,武广万松园,党校宿舍（武广万松园）,3室2厅,110平米,4000
20180827,江汉,武广万松园,圣淘沙酒店式公寓,1室1厅,45平米,2100
20180827,江汉,武广万松园,国贸新都,3室1厅,185平米,7000
20180827,江汉,武广万松园,中山广场,1室1厅,58平米,2700
20180827,江汉,武广万松园,江城华庭,3室2厅,154平米,6000
20180827,江汉,武广万松园,楚天星座公寓,2室1厅,60平米,2800
20180827,江汉,武广万松园,创世纪广场,1室1厅,58平米,2900
20180827,江汉,武广万松园,新华小路138号,4室2厅,142平米,3900
20180827,江汉,武广万松园,新育社区出版社小区,1室1厅,45平米,2200
20180827,江汉,武广万松园,国贸新都,1室1厅,131平米,4300
20180827,江汉,武广万松园,越秀国际金融汇二期,3室2厅,106平米,5000
20180827,江汉,武广万松园,越秀国际金融汇二期,3室2厅,106平米,5500
20180827,江汉,武广万松园,越秀国际金融汇二期,3室2厅,124平米,6200
20180827,江汉,武广万松园,圣淘沙酒店式公寓,1室1厅,37平米,2000
20180827,江汉,武广万松园,南国中心,3室1厅,97平米,4500
20180827,江汉,武广万松园,劲松巷6到14号,2室1厅,60平米,2000
20180827,江汉,武广万松园,东一时区,4室2厅,178平米,7500
20180827,江汉,武广万松园,万松横路,4室2厅,170平米,5600
20180827,江汉,武广万松园,越秀国际金融汇二期,4室2厅,163平米,8000
20180827,江汉,武广万松园,创世纪广场,1室0厅,52平米,3000
20180827,江汉,武广万松园,福星城市花园,2室1厅,90平米,5000
20180827,江汉,武广万松园,楚天星座公寓,1室1厅,56平米,2400
20180827,江汉,武广万松园,省运社区,2室1厅,63平米,2400
20180827,江汉,武广万松园,南国中心,2室2厅,95平米,4500
20180827,江汉,武广万松园,越秀国际金融汇,4室1厅,9平米,1560
20180827,江汉,武广万松园,统建千禧园,3室2厅,129平米,5000
20180827,江汉,武广万松园,青松社区,2室1厅,62平米,2200
20180827,江汉,武广万松园,万松小区,2室2厅,121平米,3000
20180827,江汉,武广万松园,越秀国际金融汇二期,3室2厅,104平米,5000
20180827,江汉,武广万松园,新华明珠,2室1厅,110平米,4500
20180827,江汉,武广万松园,横桥村52号,3室1厅,75平米,2500
20180827,江汉,武广万松园,同成广场,4室2厅,146平米,6000
20180827,江汉,武广万松园,圣淘沙酒店式公寓,1室1厅,50平米,2000
20180827,江汉,武广万松园,同成广场,3室2厅,150平米,6500
20180827,江汉,武广万松园,同成广场,3室2厅,136平米,6000
20180827,江汉,武广万松园,东方时空,3室2厅,103平米,3000
20180827,江汉,武广万松园,新华公寓,5室2厅,200平米,4000
20180827,江汉,武广万松园,东一时区,4室2厅,180平米,6500
20180827,江汉,武广万松园,万松小区,2室1厅,63平米,2200
20180827,江汉,武广万松园,越秀国际金融汇二期,3室1厅,106平米,5200
20180827,江汉,武广万松园,楚天星座公寓,1室1厅,45平米,2300
20180827,江汉,武广万松园,武广公寓,3室2厅,117平米,3800
20180827,江汉,武广万松园,越秀国际金融汇二期,4室1厅,10平米,1590
20180827,江汉,武广万松园,武广写字楼,2室2厅,88平米,5280
20180827,江汉,武广万松园,同成广场,4室1厅,116平米,13000
20180827,江汉,武广万松园,同成广场,3室2厅,135平米,7100
20180827,江汉,武广万松园,青松社区,3室1厅,117平米,4000
20180827,江汉,武广万松园,越秀国际金融汇二期,3室2厅,106平米,5000
20180827,江汉,武广万松园,中山广场,1室1厅,44平米,2800
20180827,江汉,武广万松园,青松社区,2室2厅,83平米,3000
20180827,江汉,武广万松园,越秀国际金融汇二期,3室1厅,108平米,5500
20180827,江汉,武广万松园,武广写字楼,2室2厅,113平米,6400
20180827,江汉,武广万松园,聚银大厦,2室1厅,77平米,2500
20180827,江汉,武广万松园,青松社区,2室1厅,64平米,2600
20180827,江汉,武广万松园,中奇欧式花园,4室2厅,189平米,5800
20180827,江汉,武广万松园,越秀国际金融汇二期,3室2厅,106平米,5000
20180827,江汉,武广万松园,南国中心,2室2厅,96平米,4800
20180827,江汉,武广万松园,越秀国际金融汇二期,4室2厅,163平米,8500
20180827,江汉,武广万松园,武广公寓,2室2厅,97平米,3800
20180827,江汉,武广万松园,圣淘沙酒店式公寓,1室1厅,59平米,2500
20180827,江汉,武广万松园,党校宿舍（武广万松园）,2室1厅,98平米,3200
20180827,江汉,武广万松园,创世纪广场,1室1厅,53平米,3200
20180827,江汉,武广万松园,同成广场,5室1厅,195平米,8000
20180827,江汉,武广万松园,越秀国际金融汇二期,3室2厅,105平米,6500
20180827,江汉,武广万松园,江城华庭,1室0厅,30平米,1800
20180827,江汉,武广万松园,南国中心,3室1厅,97平米,4500
20180827,江汉,武广万松园,楚天星座还建楼,2室1厅,65平米,2800
20180827,江汉,武广万松园,万松小区,2室1厅,80平米,2800
20180827,江汉,武广万松园,南国中心,3室1厅,137平米,5000
20180827,江汉,武广万松园,圣淘沙酒店式公寓,1室0厅,44平米,2100
20180827,江汉,武广万松园,越秀国际金融汇二期,4室1厅,7平米,1390
20180827,江汉,武广万松园,万松小区,2室1厅,78平米,2300
20180827,江汉,武广万松园,天瑞国际酒店公寓,1室1厅,60平米,2300
20180827,江汉,武广万松园,江城华庭,3室1厅,128平米,4500
20180827,江汉,武广万松园,越秀国际金融汇二期,3室2厅,110平米,5500
20180827,江汉,武广万松园,越秀国际金融汇二期,3室2厅,134平米,6000
20180827,江汉,武广万松园,圣淘沙酒店式公寓,1室1厅,58平米,2300
20180827,江汉,武广万松园,新华明珠,2室2厅,98平米,4000
20180827,江汉,武广万松园,单洞社区,1室1厅,30平米,1000
20180827,江汉,武广万松园,越秀国际金融汇二期,4室1厅,10平米,1590
20180827,江汉,武广万松园,逸安公寓,2室1厅,102平米,4000
20180827,江汉,武广万松园,同成广场,4室2厅,199平米,8500
20180827,江汉,武广万松园,天瑞国际酒店公寓,1室1厅,62平米,2300
20180827,江汉,武广万松园,创世纪广场,1室1厅,53平米,2700
20180827,江汉,武广万松园,新华街邮三社区,2室1厅,80平米,2800
20180827,江汉,武广万松园,同成广场,4室1厅,227平米,13500
20180827,江汉,武广万松园,中山广场,1室0厅,55平米,3000
20180827,江汉,武广万松园,同成广场,3室1厅,140平米,5000
20180827,江汉,武广万松园,江城华庭,4室2厅,152平米,6000
20180827,江汉,武广万松园,国贸新都,4室1厅,173平米,7000
20180827,江汉,武广万松园,福星城市花园,3室2厅,127平米,4500
20180827,江汉,武广万松园,楚天星座公寓,1室1厅,68平米,3300
20180827,江汉,武广万松园,爱特城,1室1厅,46平米,3300
20180827,江汉,武广万松园,南国中心,3室2厅,96平米,4500
20180827,江汉,武广万松园,西马后路22号,1室1厅,40平米,1300
20180827,江汉,武广万松园,国贸新都,4室1厅,185平米,10000
20180827,江汉,武广万松园,国贸新都,8室1厅,353平米,16000
20180827,江汉,武广万松园,越秀国际金融汇二期,3室1厅,124平米,7000
20180827,江汉,武广万松园,南国中心,2室1厅,95平米,4500
20180827,江汉,武广万松园,越秀国际金融汇二期,3室2厅,105平米,5000
20180827,江汉,武广万松园,创世纪广场,1室1厅,65平米,3500
20180827,江汉,武广万松园,万科金色家园一期,2室2厅,93平米,5500
20180827,江汉,武广万松园,青年广场,1室0厅,36平米,1600
20180827,江汉,武广万松园,新华街邮三社区,2室1厅,50平米,2000
20180827,江汉,武广万松园,万松小区,3室1厅,230平米,7000
20180827,江汉,武广万松园,爱特城,3室1厅,91平米,3000
20180827,江汉,武广万松园,统建千禧园,6室2厅,142平米,6000
20180827,江汉,武广万松园,聚银大厦,7室1厅,270平米,12000
20180827,江汉,武广万松园,南国中心,2室2厅,96平米,1000
20180827,江汉,武广万松园,国贸新都,7室2厅,314平米,20000
20180827,江汉,武广万松园,武广写字楼,2室2厅,88平米,5720
20180827,江汉,武广万松园,统建千禧园,3室2厅,144平米,6000
20180827,江汉,武广万松园,爱特城,2室1厅,53平米,3700
20180827,江汉,武广万松园,新华明珠,3室2厅,151平米,7000
20180827,江汉,武广万松园,江城华庭,4室2厅,152平米,6000
20180827,江汉,武广万松园,新华明珠,3室2厅,151平米,7000
20180827,江汉,武广万松园,新华明珠,3室1厅,155平米,8500
20180827,江汉,武广万松园,聚银大厦,7室1厅,270平米,12000
20180827,江汉,武广万松园,南国中心,2室2厅,96平米,1000
20180827,江汉,武广万松园,国贸新都,7室2厅,314平米,20000
20180827,江汉,武广万松园,武广写字楼,2室2厅,88平米,5720
20180827,江汉,武广万松园,统建千禧园,3室2厅,144平米,6000
20180827,江汉,武广万松园,爱特城,2室1厅,53平米,3700
20180827,江汉,武广万松园,楚天星座公寓,1室1厅,43平米,2200
20180827,江汉,武广万松园,银松路104到114号,2室1厅,66平米,2100
20180827,江汉,武广万松园,利济北路244号,2室1厅,62平米,2500
20180827,江汉,武广万松园,南国中心,3室2厅,137平米,6800
20180827,江汉,武广万松园,东一时区,3室2厅,150平米,5500
20180827,江汉,武广万松园,同成广场,1室0厅,286平米,13000
20180827,江汉,武广万松园,福星城市花园,4室2厅,141平米,5500
20180827,江汉,武广万松园,南国中心,2室2厅,96平米,5500
20180827,江汉,武广万松园,南国中心,1室1厅,97平米,5000
20180827,江汉,武广万松园,东一时区,4室2厅,154平米,5000
20180827,江汉,武广万松园,越秀国际金融汇,4室2厅,155平米,9000
20180827,江汉,武广万松园,楚天星座公寓,2室2厅,100平米,4000
20180827,江汉,武广万松园,江汉北村,1室1厅,42平米,1300
20180827,江汉,武广万松园,越秀国际金融汇,3室2厅,104平米,7000
20180827,江汉,武广万松园,越秀国际金融汇二期,3室2厅,105平米,5500
20180827,江汉,武广万松园,新华公寓,3室1厅,120平米,3500
20180827,江汉,武广万松园,越秀国际金融汇二期,4室1厅,14平米,1690
20180827,江汉,武广万松园,武广公寓,2室1厅,96平米,3800
20180827,江汉,武广万松园,楚天星座公寓,1室1厅,45平米,2300
20180827,江汉,武广万松园,青年广场,3室1厅,106平米,3300
20180827,江汉,武广万松园,圣淘沙酒店式公寓,1室0厅,51平米,1900
20180827,江汉,武广万松园,圣淘沙酒店式公寓,1室0厅,51平米,1900
20180827,江汉,武广万松园,南国中心,2室2厅,96平米,4300
20180827,江汉,武广万松园,东一时区,4室1厅,136平米,5500
20180827,江汉,武广万松园,南国中心,3室2厅,137平米,6000
20180827,江汉,武广万松园,同成广场,2室2厅,140平米,6500
20180827,江汉,武广万松园,新华明珠,4室2厅,150平米,6800
20180827,江汉,武广万松园,创世纪广场,1室1厅,55平米,3500
20180827,江汉,武广万松园,越秀国际金融汇二期,3室2厅,105平米,5000
20180827,江汉,武广万松园,圣淘沙酒店式公寓,1室0厅,43平米,2000
20180827,江汉,武广万松园,新华明珠,2室1厅,67平米,3200
20180827,江汉,武广万松园,圣淘沙酒店式公寓,1室1厅,50平米,2200
20180827,江汉,武广万松园,市教委万松小区,1室1厅,53平米,1800
20180827,江汉,武广万松园,南国中心,2室2厅,96平米,5500
20180827,江汉,武广万松园,东一时区,4室2厅,154平米,5000
20180827,江汉,武广万松园,南国中心,1室1厅,97平米,5000
20180827,江汉,武广万松园,同成广场,2室1厅,110平米,5200
20180827,江汉,武广万松园,越秀国际金融汇,4室2厅,155平米,9000
20180827,江汉,武广万松园,越秀国际金融汇,1室0厅,20平米,500
20180827,江汉,武广万松园,楚天星座公寓,2室2厅,100平米,4000
20180827,江汉,武广万松园,南国中心,2室2厅,96平米,4700
20180827,江汉,武广万松园,南国中心,2室1厅,97平米,4300
20180827,江汉,武广万松园,万科金色家园一期,2室1厅,97平米,4000
20180827,江汉,武广万松园,邮政小区（武广万松园）,1室0厅,30平米,1700
20180827,江汉,武广万松园,同成广场,3室2厅,177平米,8500
20180827,江汉,武广万松园,武广公寓,2室1厅,97平米,3800
20180827,江汉,武广万松园,万科金色家园一期,2室2厅,90平米,4100
20180827,江汉,武广万松园,青年广场,1室0厅,15平米,1300
20180827,江汉,武广万松园,江城华庭,3室2厅,125平米,4500
20180827,江汉,武广万松园,圣淘沙酒店式公寓,1室1厅,62平米,2500
20180827,江汉,武广万松园,青松社区,2室1厅,70平米,2000
20180827,江汉,武广万松园,武广公寓,2室2厅,97平米,4000
20180827,江汉,武广万松园,南国中心,3室2厅,137平米,6000
20180827,江汉,武广万松园,圣淘沙酒店式公寓,1室1厅,50平米,2200
20180827,江汉,武广万松园,市教委万松小区,1室1厅,53平米,1800
20180827,江汉,武广万松园,创世纪广场,1室1厅,47平米,3000
20180827,江汉,武广万松园,越秀国际金融汇二期,3室2厅,108平米,5500
20180827,江汉,武广万松园,圣淘沙酒店式公寓,1室1厅,50平米,2200
20180827,江汉,武广万松园,东一时区,4室1厅,136平米,5500
20180827,江汉,武广万松园,新华明珠,2室1厅,67平米,3200
20180827,江汉,武广万松园,创世纪广场,1室1厅,55平米,3500
20180827,江汉,武广万松园,越秀国际金融汇二期,3室2厅,105平米,5000
20180827,江汉,武广万松园,越秀国际金融汇,1室0厅,20平米,500
20180827,江汉,武广万松园,南国中心,2室2厅,96平米,4700
20180827,江汉,武广万松园,万科金色家园一期,2室1厅,97平米,4000
20180827,江汉,武广万松园,同成广场,2室2厅,140平米,6500
20180827,江汉,武广万松园,万松小区,2室2厅,96平米,2700
20180827,江汉,武广万松园,新华明珠,1室1厅,61平米,3200
20180827,江汉,武广万松园,圣淘沙酒店式公寓,1室1厅,62平米,2500
20180827,江汉,武广万松园,同成广场,2室1厅,110平米,5200
20180827,江汉,武广万松园,青松社区,3室1厅,90平米,3000
20180827,江汉,武广万松园,圣淘沙酒店式公寓,1室1厅,50平米,2200
20180827,江汉,武广万松园,圣淘沙酒店式公寓,1室1厅,45平米,2100
20180827,江汉,武广万松园,新华明珠,2室2厅,110平米,4000
20180827,江汉,武广万松园,统建千禧园,3室2厅,110平米,4600
20180827,江汉,武广万松园,青松社区,2室1厅,70平米,2000
20180827,江汉,武广万松园,聚银大厦,2室1厅,75平米,3000
20180827,江汉,武广万松园,市教委万松小区,1室1厅,60平米,2400
20180827,江汉,武广万松园,同成广场,2室1厅,69平米,2300
20180827,江汉,武广万松园,天瑞国际酒店公寓,1室1厅,60平米,2200
20180827,江汉,武广万松园,万景花园,3室2厅,139平米,6000
20180827,江汉,武广万松园,圣淘沙酒店式公寓,2室1厅,69平米,2700
20180827,江汉,武广万松园,圣淘沙酒店式公寓,2室1厅,76平米,3000
20180827,江汉,武广万松园,长源大厦,2室1厅,105平米,4000
20180827,江汉,武广万松园,圣淘沙酒店式公寓,2室1厅,80平米,3100
20180827,江汉,武广万松园,万景花园,3室2厅,130平米,5300
20180827,江汉,武广万松园,新华明珠,2室2厅,100平米,4400
20180827,江汉,武广万松园,万松小区,2室2厅,120平米,3300
20180827,江汉,武广万松园,南国中心,2室1厅,95平米,5000
20180827,江汉,武广万松园,武广公寓,2室2厅,98平米,3500
20180827,江汉,武广万松园,越秀国际金融汇二期,3室2厅,107平米,7000
20180827,江汉,武广万松园,青年广场,3室1厅,130平米,3600
20180827,江汉,武广万松园,循礼村88号,2室1厅,50平米,2300
20180827,江汉,武广万松园,广播大院,2室1厅,71平米,2880
20180827,江汉,武广万松园,天瑞国际酒店公寓,1室1厅,50平米,2300
20180827,江汉,武广万松园,万景花园,3室2厅,139平米,6000
20180827,江汉,武广万松园,中山广场,5室1厅,113平米,6800
20180827,江汉,武广万松园,天瑞国际酒店公寓,1室1厅,60平米,2200
20180827,江汉,武广万松园,天瑞国际酒店公寓,1室1厅,60平米,2100
20180827,江汉,武广万松园,爱特城,2室1厅,53平米,3600
20180827,江汉,武广万松园,天瑞国际酒店公寓,1室1厅,46平米,2000
20180827,江汉,武广万松园,万松小区,2室1厅,55平米,2300
20180827,江汉,武广万松园,党校宿舍（武广万松园）,3室2厅,100平米,4000
20180827,江汉,武广万松园,万科金色家园一期,3室1厅,90平米,3800
