20180827,江汉,杨汊湖,浩海小区,1室1厅,50平米,1600
20180827,江汉,杨汊湖,常青三垸社区,2室1厅,60平米,2000
20180827,江汉,杨汊湖,阳光新苑,3室2厅,130平米,3500
20180827,江汉,杨汊湖,馨苑小区,3室2厅,112平米,2600
20180827,江汉,杨汊湖,富康花园,4室1厅,104平米,2500
20180827,江汉,杨汊湖,常青二垸,2室2厅,102平米,2300
20180827,江汉,杨汊湖,园丁苑,2室1厅,70平米,1200
20180827,江汉,杨汊湖,阳光花园,2室2厅,92平米,2700
20180827,江汉,杨汊湖,福星华府,2室2厅,90平米,2800
20180827,江汉,杨汊湖,富康花园,2室2厅,97平米,2000
20180827,江汉,杨汊湖,京华时代,1室1厅,43平米,2000
20180827,江汉,杨汊湖,华苑社区,2室1厅,75平米,1900
20180827,江汉,杨汊湖,京华时代,2室2厅,84平米,2600
20180827,江汉,杨汊湖,新华家园,3室2厅,137平米,3900
20180827,江汉,杨汊湖,万丰花园,3室2厅,107平米,3500
20180827,江汉,杨汊湖,万景橘苑,3室2厅,98平米,2100
20180827,江汉,杨汊湖,新华家园,3室1厅,115平米,3000
20180827,江汉,杨汊湖,市公安局宿舍,2室1厅,86平米,2200
20180827,江汉,杨汊湖,华苑社区,2室1厅,63平米,1700
20180827,江汉,杨汊湖,万科汉口传奇,3室2厅,97平米,3700
20180827,江汉,杨汊湖,万科汉口传奇唐樾,3室2厅,95平米,3300
20180827,江汉,杨汊湖,浩海丰太花园,4室1厅,150平米,4000
20180827,江汉,杨汊湖,阳光花园,1室0厅,25平米,800
20180827,江汉,杨汊湖,新华家园,2室2厅,120平米,3000
20180827,江汉,杨汊湖,华苑社区,2室1厅,80平米,2500
20180827,江汉,杨汊湖,万科汉口传奇唐樾,3室2厅,86平米,3700
20180827,江汉,杨汊湖,常青五垸,2室1厅,71平米,2100
20180827,江汉,杨汊湖,市公安局宿舍,2室2厅,87平米,2400
20180827,江汉,杨汊湖,新华家园,2室1厅,90平米,3000
20180827,江汉,杨汊湖,浩海公寓,2室2厅,114平米,2800
20180827,江汉,杨汊湖,华苑社区,2室1厅,63平米,1700
20180827,江汉,杨汊湖,万科汉口传奇,3室2厅,97平米,3700
20180827,江汉,杨汊湖,万科汉口传奇唐樾,3室2厅,95平米,3300
20180827,江汉,杨汊湖,浩海丰太花园,4室1厅,150平米,4000
20180827,江汉,杨汊湖,浩海公寓,2室2厅,114平米,2800
20180827,江汉,杨汊湖,常青二垸,2室1厅,63平米,1600
20180827,江汉,杨汊湖,常青四垸,2室1厅,63平米,1800
20180827,江汉,杨汊湖,常青五垸,2室1厅,65平米,1400
20180827,江汉,杨汊湖,浩海小区,4室2厅,156平米,3850
20180827,江汉,杨汊湖,万科汉口传奇唐樾,3室2厅,90平米,3800
20180827,江汉,杨汊湖,园丁苑,2室1厅,68平米,1600
20180827,江汉,杨汊湖,万科汉口传奇唐樾,4室2厅,142平米,5500
20180827,江汉,杨汊湖,华苑社区,3室2厅,137平米,3300
20180827,江汉,杨汊湖,和祥里社区,2室1厅,70平米,1700
20180827,江汉,杨汊湖,浩海小区,2室1厅,90平米,2400
20180827,江汉,杨汊湖,华苑社区,1室1厅,46平米,1750
20180827,江汉,杨汊湖,万科汉口传奇唐樾,3室2厅,118平米,3900
20180827,江汉,杨汊湖,富康花园,2室1厅,80平米,2200
20180827,江汉,杨汊湖,远洋心里,2室1厅,79平米,2800
20180827,江汉,杨汊湖,京华时代,1室1厅,44平米,2200
20180827,江汉,杨汊湖,博海名居,1室1厅,55平米,2300
20180827,江汉,杨汊湖,华苑社区,1室1厅,43平米,1500
20180827,江汉,杨汊湖,盛丰花园,2室2厅,85平米,1900
20180827,江汉,杨汊湖,新华家园,3室2厅,120平米,3300
20180827,江汉,杨汊湖,绿色家园,3室2厅,107平米,2600
20180827,江汉,杨汊湖,万科汉口传奇唐樾,3室2厅,90平米,3700
20180827,江汉,杨汊湖,绿色家园,3室2厅,107平米,3000
20180827,江汉,杨汊湖,京华时代,1室1厅,47平米,2000
20180827,江汉,杨汊湖,常青二垸,2室1厅,57平米,1800
20180827,江汉,杨汊湖,绿色家园,3室2厅,144平米,3400
20180827,江汉,杨汊湖,新华家园,2室2厅,94平米,3200
20180827,江汉,杨汊湖,万科汉口传奇,3室2厅,92平米,3800
20180827,江汉,杨汊湖,富康花园,2室2厅,80平米,1800
20180827,江汉,杨汊湖,万科汉口传奇唐樾,3室2厅,121平米,4000
20180827,江汉,杨汊湖,常青四垸,2室1厅,66平米,1800
20180827,江汉,杨汊湖,华苑社区,2室1厅,80平米,2400
20180827,江汉,杨汊湖,万科汉口传奇唐樾,2室2厅,86平米,3700
20180827,江汉,杨汊湖,市公安局宿舍,2室1厅,74平米,2400
20180827,江汉,杨汊湖,阳光花园,2室2厅,88平米,2600
20180827,江汉,杨汊湖,远洋心里,2室1厅,80平米,2000
20180827,江汉,杨汊湖,常青四垸,2室1厅,67平米,1800
20180827,江汉,杨汊湖,福星华府,3室1厅,89平米,2600
20180827,江汉,杨汊湖,常青三垸社区,2室1厅,68平米,1700
20180827,江汉,杨汊湖,常青四垸,2室1厅,68平米,1800
20180827,江汉,杨汊湖,华苑社区,2室1厅,75平米,2200
20180827,江汉,杨汊湖,福星华府,5室1厅,10平米,990
20180827,江汉,杨汊湖,华苑社区,2室1厅,61平米,2100
20180827,江汉,杨汊湖,阳光花园,1室0厅,20平米,850
20180827,江汉,杨汊湖,富康花园,2室2厅,83平米,1500
20180827,江汉,杨汊湖,园丁苑,2室1厅,80平米,1600
20180827,江汉,杨汊湖,华苑社区,2室1厅,70平米,1700
20180827,江汉,杨汊湖,浩海丰太花园,3室2厅,137平米,3800
20180827,江汉,杨汊湖,华苑社区,2室2厅,80平米,2100
20180827,江汉,杨汊湖,万科汉口传奇唐樾,3室2厅,117平米,4200
20180827,江汉,杨汊湖,博海名居,1室1厅,55平米,1900
20180827,江汉,杨汊湖,园丁苑,2室2厅,90平米,2000
20180827,江汉,杨汊湖,新华家园,5室1厅,120平米,3800
20180827,江汉,杨汊湖,华苑社区,2室1厅,47平米,1500
20180827,江汉,杨汊湖,博海名居,1室1厅,71平米,2500
20180827,江汉,杨汊湖,新华家园,3室1厅,144平米,3800
20180827,江汉,杨汊湖,常青四垸,2室1厅,70平米,1800
20180827,江汉,杨汊湖,华苑社区,3室1厅,107平米,2800
20180827,江汉,杨汊湖,万景橘苑,3室2厅,94平米,3500
20180827,江汉,杨汊湖,万景橘苑二期,2室2厅,94平米,1500
20180827,江汉,杨汊湖,常青三垸社区,2室1厅,50平米,1600
20180827,江汉,杨汊湖,京华时代,1室1厅,45平米,2100
20180827,江汉,杨汊湖,万丰花园,2室2厅,107平米,3800
20180827,江汉,杨汊湖,博海名居,3室2厅,115平米,3500
20180827,江汉,杨汊湖,和祥里社区,1室1厅,46平米,1400
20180827,江汉,杨汊湖,远洋心里,2室2厅,79平米,3300
20180827,江汉,杨汊湖,远洋心里,2室1厅,79平米,2800
20180827,江汉,杨汊湖,京华时代,1室0厅,42平米,2100
20180827,江汉,杨汊湖,福星华府,3室2厅,148平米,4000
20180827,江汉,杨汊湖,园丁苑,2室2厅,87平米,2000
20180827,江汉,杨汊湖,市公安局宿舍,2室1厅,85平米,1900
20180827,江汉,杨汊湖,万景橘苑,2室2厅,93平米,2400
20180827,江汉,杨汊湖,博海名居,3室2厅,139平米,3800
20180827,江汉,杨汊湖,万科汉口传奇唐樾,3室1厅,86平米,3500
20180827,江汉,杨汊湖,阳光花园,3室2厅,111平米,3000
20180827,江汉,杨汊湖,新华家园悦景居,4室2厅,147平米,5000
20180827,江汉,杨汊湖,远洋心里,3室2厅,100平米,3300
20180827,江汉,杨汊湖,浩海小区,2室1厅,78平米,2400
20180827,江汉,杨汊湖,福星华府,2室2厅,93平米,2700
20180827,江汉,杨汊湖,万科汉口传奇唐樾,3室2厅,86平米,3500
20180827,江汉,杨汊湖,福星华府,3室1厅,10平米,1060
20180827,江汉,杨汊湖,常青五垸,2室2厅,70平米,2000
20180827,江汉,杨汊湖,绿色家园,1室1厅,20平米,800
20180827,江汉,杨汊湖,华苑社区,2室1厅,85平米,1700
20180827,江汉,杨汊湖,远洋心里,1室0厅,8平米,800
20180827,江汉,杨汊湖,阳光新苑,2室2厅,95平米,3000
20180827,江汉,杨汊湖,万景橘苑,2室1厅,90平米,4000
20180827,江汉,杨汊湖,和祥里社区,3室1厅,86平米,1800
20180827,江汉,杨汊湖,福星华府,4室1厅,10平米,1290
20180827,江汉,杨汊湖,万科汉口传奇唐樾,3室2厅,113平米,3600
20180827,江汉,杨汊湖,博海名居,1室1厅,58平米,2400
20180827,江汉,杨汊湖,新华家园,3室2厅,115平米,3200
20180827,江汉,杨汊湖,浩海小区,2室1厅,70平米,2000
20180827,江汉,杨汊湖,京华时代,1室0厅,45平米,2100
20180827,江汉,杨汊湖,常青三垸社区,1室1厅,40平米,1400
20180827,江汉,杨汊湖,万科汉口传奇,2室2厅,80平米,3600
20180827,江汉,杨汊湖,万科汉口传奇,3室2厅,94平米,3000
20180827,江汉,杨汊湖,阳光花园,3室2厅,109平米,3600
20180827,江汉,杨汊湖,新华家园,2室2厅,97平米,3000
20180827,江汉,杨汊湖,阳光花园,3室2厅,138平米,3800
20180827,江汉,杨汊湖,新华家园,2室2厅,97平米,3500
20180827,江汉,杨汊湖,和祥里社区,2室1厅,53平米,2200
20180827,江汉,杨汊湖,福星华府,3室2厅,123平米,3800
20180827,江汉,杨汊湖,常青四垸,1室1厅,50平米,1800
20180827,江汉,杨汊湖,万科汉口传奇唐樾,4室1厅,11平米,1160
20180827,江汉,杨汊湖,华苑社区,2室1厅,78平米,1800
20180827,江汉,杨汊湖,福星华府,1室1厅,20平米,1400
20180827,江汉,杨汊湖,华苑社区,2室1厅,62平米,1880
20180827,江汉,杨汊湖,万科汉口传奇唐樾,3室2厅,90平米,3800
20180827,江汉,杨汊湖,万科汉口传奇唐樾,3室2厅,118平米,3800
20180827,江汉,杨汊湖,远洋心里,3室1厅,94平米,3000
20180827,江汉,杨汊湖,常青四垸,2室1厅,68平米,1800
20180827,江汉,杨汊湖,万科汉口传奇,3室2厅,100平米,4000
20180827,江汉,杨汊湖,华苑社区,2室1厅,66平米,1650
20180827,江汉,杨汊湖,绿色家园,3室2厅,142平米,2400
20180827,江汉,杨汊湖,常青四垸,2室1厅,65平米,1700
20180827,江汉,杨汊湖,富康花园,2室2厅,87平米,2200
20180827,江汉,杨汊湖,万科汉口传奇唐樾,4室1厅,8平米,1060
20180827,江汉,杨汊湖,阳光花园,3室2厅,137平米,4500
20180827,江汉,杨汊湖,富康花园,2室2厅,70平米,2600
20180827,江汉,杨汊湖,常青三垸社区,2室1厅,50平米,1600
20180827,江汉,杨汊湖,富康花园,2室1厅,80平米,1500
20180827,江汉,杨汊湖,常青三垸社区,2室1厅,65平米,1600
20180827,江汉,杨汊湖,杨汊湖公寓,2室2厅,80平米,1800
20180827,江汉,杨汊湖,常青二垸,2室1厅,65平米,1600
20180827,江汉,杨汊湖,华苑社区,2室1厅,80平米,2600
20180827,江汉,杨汊湖,杨汊湖公寓,2室1厅,60平米,1800
20180827,江汉,杨汊湖,阳光花园,2室1厅,114平米,3000
20180827,江汉,杨汊湖,华苑社区,2室1厅,79平米,1500
20180827,江汉,杨汊湖,京华时代,1室0厅,41平米,2200
20180827,江汉,杨汊湖,万科汉口传奇唐樾,4室1厅,12平米,1360
20180827,江汉,杨汊湖,常青四垸,2室1厅,70平米,1800
20180827,江汉,杨汊湖,万科汉口传奇唐樾,3室1厅,86平米,3500
20180827,江汉,杨汊湖,新华家园,3室2厅,115平米,3200
20180827,江汉,杨汊湖,浩海小区,2室1厅,70平米,2000
20180827,江汉,杨汊湖,京华时代,1室0厅,45平米,2100
20180827,江汉,杨汊湖,常青三垸社区,1室1厅,40平米,1400
20180827,江汉,杨汊湖,万科汉口传奇,2室2厅,80平米,3600
20180827,江汉,杨汊湖,万科汉口传奇,3室2厅,94平米,3000
20180827,江汉,杨汊湖,福星华府,3室1厅,10平米,1060
20180827,江汉,杨汊湖,常青五垸,2室2厅,70平米,2000
20180827,江汉,杨汊湖,绿色家园,1室1厅,20平米,800
20180827,江汉,杨汊湖,华苑社区,2室1厅,85平米,1700
20180827,江汉,杨汊湖,远洋心里,1室0厅,8平米,800
20180827,江汉,杨汊湖,和祥里社区,2室1厅,53平米,2200
20180827,江汉,杨汊湖,阳光新苑,2室2厅,95平米,3000
20180827,江汉,杨汊湖,新华家园,3室2厅,133平米,3600
20180827,江汉,杨汊湖,园丁苑,2室2厅,90平米,2000
20180827,江汉,杨汊湖,新华家园,5室1厅,120平米,3800
20180827,江汉,杨汊湖,华苑社区,2室1厅,47平米,1500
20180827,江汉,杨汊湖,博海名居,1室1厅,71平米,2500
20180827,江汉,杨汊湖,新华家园,3室1厅,144平米,3800
20180827,江汉,杨汊湖,浩海公寓,2室2厅,102平米,3000
20180827,江汉,杨汊湖,京华时代,1室1厅,45平米,2200
20180827,江汉,杨汊湖,万科汉口传奇,3室2厅,97平米,3500
20180827,江汉,杨汊湖,华苑社区,2室1厅,76平米,1800
20180827,江汉,杨汊湖,华苑社区,2室1厅,77平米,1600
20180827,江汉,杨汊湖,新华家园,3室2厅,120平米,3000
20180827,江汉,杨汊湖,博海名居,1室1厅,56平米,2500
20180827,江汉,杨汊湖,京华时代,1室0厅,41平米,1950
20180827,江汉,杨汊湖,华苑社区,2室1厅,76平米,1900
20180827,江汉,杨汊湖,博海名居,4室2厅,140平米,6500
20180827,江汉,杨汊湖,盛丰花园,2室2厅,82平米,2000
20180827,江汉,杨汊湖,京华时代,1室1厅,41平米,2000
20180827,江汉,杨汊湖,京华时代,1室1厅,45平米,2200
20180827,江汉,杨汊湖,浩海小区,4室2厅,155平米,3000
20180827,江汉,杨汊湖,园丁苑,3室2厅,141平米,3500
20180827,江汉,杨汊湖,常青二垸,2室1厅,60平米,2000
20180827,江汉,杨汊湖,万科汉口传奇唐樾,3室2厅,86平米,4200
20180827,江汉,杨汊湖,华苑社区,2室1厅,76平米,1550
20180827,江汉,杨汊湖,福星华府,2室1厅,90平米,3000
20180827,江汉,杨汊湖,华苑社区,3室1厅,100平米,2300
20180827,江汉,杨汊湖,常青二垸,2室1厅,61平米,2000
20180827,江汉,杨汊湖,华苑社区,2室2厅,84平米,2300
20180827,江汉,杨汊湖,市公安局宿舍,3室2厅,90平米,2100
20180827,江汉,杨汊湖,华苑社区,2室1厅,74平米,1700
20180827,江汉,杨汊湖,富康花园,1室0厅,17平米,600
20180827,江汉,杨汊湖,阳光花园,3室2厅,124平米,3600
20180827,江汉,杨汊湖,新华家园,2室2厅,85平米,2800
20180827,江汉,杨汊湖,博海名居,2室2厅,72平米,2300
20180827,江汉,杨汊湖,新华家园,5室3厅,225平米,3000
20180827,江汉,杨汊湖,万科汉口传奇唐樾,3室2厅,118平米,4200
20180827,江汉,杨汊湖,新华家园,1室0厅,20平米,800
20180827,江汉,杨汊湖,京华时代,1室0厅,43平米,2200
20180827,江汉,杨汊湖,新华家园,1室1厅,50平米,1200
20180827,江汉,杨汊湖,阳光新苑,2室2厅,93平米,2200
20180827,江汉,杨汊湖,华苑社区,2室1厅,63平米,1800
20180827,江汉,杨汊湖,常青二垸,2室1厅,56平米,1700
20180827,江汉,杨汊湖,福星华府,3室2厅,91平米,2800
20180827,江汉,杨汊湖,常青二垸,3室1厅,99平米,2100
20180827,江汉,杨汊湖,博海名居,2室1厅,72平米,2600
20180827,江汉,杨汊湖,浩海小区,2室1厅,86平米,2100
20180827,江汉,杨汊湖,浩海丰太花园,3室2厅,99平米,2400
20180827,江汉,杨汊湖,华苑社区,2室1厅,80平米,1800
20180827,江汉,杨汊湖,园丁苑,2室1厅,80平米,1600
20180827,江汉,杨汊湖,华苑社区,2室1厅,70平米,1700
20180827,江汉,杨汊湖,浩海丰太花园,3室2厅,137平米,3800
20180827,江汉,杨汊湖,华苑社区,2室2厅,80平米,2100
20180827,江汉,杨汊湖,万科汉口传奇唐樾,3室2厅,117平米,4200
20180827,江汉,杨汊湖,博海名居,1室1厅,55平米,1900
20180827,江汉,杨汊湖,富康花园,2室2厅,84平米,2000
20180827,江汉,杨汊湖,万科汉口传奇唐樾,3室2厅,123平米,4000
20180827,江汉,杨汊湖,常青三垸社区,2室1厅,67平米,1600
20180827,江汉,杨汊湖,博海名居,1室1厅,55平米,2400
20180827,江汉,杨汊湖,华苑社区,2室1厅,67平米,1800
20180827,江汉,杨汊湖,常青三垸社区,2室1厅,65平米,1800
20180827,江汉,杨汊湖,浩海丰太花园,3室2厅,99平米,2400
20180827,江汉,杨汊湖,华苑社区,2室1厅,80平米,1800
20180827,江汉,杨汊湖,远洋心里,3室2厅,100平米,2000
20180827,江汉,杨汊湖,京华时代,1室0厅,42平米,2300
20180827,江汉,杨汊湖,福星华府,2室2厅,120平米,2100
20180827,江汉,杨汊湖,富康花园,2室1厅,80平米,1200
20180827,江汉,杨汊湖,常青二垸,1室1厅,50平米,1600
20180827,江汉,杨汊湖,福星华府,3室1厅,90平米,3000
20180827,江汉,杨汊湖,华苑社区,2室1厅,75平米,1800
20180827,江汉,杨汊湖,京华时代,1室0厅,44平米,2100
20180827,江汉,杨汊湖,福星华府,2室2厅,89平米,3000
20180827,江汉,杨汊湖,华苑社区,2室1厅,67平米,1800
20180827,江汉,杨汊湖,常青三垸社区,2室1厅,65平米,1800
20180827,江汉,杨汊湖,华苑社区,2室1厅,79平米,2000
20180827,江汉,杨汊湖,浩海小区,2室2厅,86平米,2000
20180827,江汉,杨汊湖,盛丰花园,3室1厅,118平米,2200
20180827,江汉,杨汊湖,华苑社区,2室1厅,60平米,1800
20180827,江汉,杨汊湖,常青二垸,1室1厅,49平米,1300
20180827,江汉,杨汊湖,京华时代,1室1厅,41平米,2000
20180827,江汉,杨汊湖,浩海公寓,2室1厅,111平米,2900
20180827,江汉,杨汊湖,远洋心里,3室2厅,100平米,2000
20180827,江汉,杨汊湖,万科汉口传奇唐樾,3室2厅,121平米,4000
20180827,江汉,杨汊湖,常青四垸,2室1厅,66平米,1800
20180827,江汉,杨汊湖,京华时代,2室1厅,42平米,2100
20180827,江汉,杨汊湖,福星华府,2室2厅,93平米,2700
20180827,江汉,杨汊湖,新华家园,2室2厅,94平米,3200
20180827,江汉,杨汊湖,万科汉口传奇,3室2厅,92平米,3800
20180827,江汉,杨汊湖,富康花园,2室2厅,80平米,1800
20180827,江汉,杨汊湖,远洋心里,3室1厅,120平米,2800
20180827,江汉,杨汊湖,华苑社区,2室2厅,83平米,2400
20180827,江汉,杨汊湖,福星华府,5室1厅,13平米,1190
20180827,江汉,杨汊湖,福星华府,5室1厅,10平米,990
20180827,江汉,杨汊湖,京华时代,2室2厅,80平米,3500
20180827,江汉,杨汊湖,福星华府,3室1厅,89平米,2600
20180827,江汉,杨汊湖,常青三垸社区,2室1厅,68平米,1700
20180827,江汉,杨汊湖,华苑社区,2室1厅,80平米,2400
20180827,江汉,杨汊湖,万科汉口传奇唐樾,2室2厅,86平米,3700
20180827,江汉,杨汊湖,市公安局宿舍,2室1厅,74平米,2400
20180827,江汉,杨汊湖,阳光花园,2室2厅,88平米,2600
20180827,江汉,杨汊湖,远洋心里,2室1厅,80平米,2000
20180827,江汉,杨汊湖,常青四垸,2室1厅,67平米,1800
20180827,江汉,杨汊湖,华苑社区,2室1厅,61平米,2100
20180827,江汉,杨汊湖,阳光花园,1室0厅,20平米,850
20180827,江汉,杨汊湖,富康花园,2室2厅,83平米,1500
20180827,江汉,杨汊湖,园丁苑,3室2厅,550平米,33000
20180827,江汉,杨汊湖,万科汉口传奇唐樾,3室2厅,86平米,3500
20180827,江汉,杨汊湖,浩海小区,4室2厅,156平米,3900
20180827,江汉,杨汊湖,市公安局宿舍,2室1厅,90平米,2100
20180827,江汉,杨汊湖,远洋心里,4室1厅,11平米,1090
20180827,江汉,杨汊湖,浩海丰太花园,3室2厅,153平米,3300
20180827,江汉,杨汊湖,新华家园,3室2厅,147平米,4000
20180827,江汉,杨汊湖,浩海丰太花园,2室2厅,100平米,2000
20180827,江汉,杨汊湖,常青二垸,3室1厅,90平米,2300
20180827,江汉,杨汊湖,华苑社区,2室1厅,70平米,1800
20180827,江汉,杨汊湖,园丁苑,3室1厅,67平米,2500
20180827,江汉,杨汊湖,福星华府,2室2厅,90平米,2600
20180827,江汉,杨汊湖,阳光花园,5室3厅,206平米,5000
20180827,江汉,杨汊湖,新华家园,2室1厅,90平米,2800
20180827,江汉,杨汊湖,常青二垸,2室1厅,60平米,2000
20180827,江汉,杨汊湖,富康花园,2室1厅,80平米,1700
20180827,江汉,杨汊湖,福星华府,3室1厅,8平米,1030
20180827,江汉,杨汊湖,绿色家园,3室2厅,110平米,2650
20180827,江汉,杨汊湖,京华时代,2室1厅,84平米,3500
20180827,江汉,杨汊湖,京华时代,1室0厅,44平米,2100
20180827,江汉,杨汊湖,万科汉口传奇,3室2厅,93平米,4000
20180827,江汉,杨汊湖,新华家园,4室3厅,256平米,5000
20180827,江汉,杨汊湖,阳光花园,2室1厅,114平米,3000
20180827,江汉,杨汊湖,华苑社区,2室1厅,75平米,2200
20180827,江汉,杨汊湖,福星华府,5室1厅,10平米,990
20180827,江汉,杨汊湖,万科汉口传奇唐樾,3室2厅,121平米,4000
20180827,江汉,杨汊湖,华苑社区,3室2厅,137平米,3300
20180827,江汉,杨汊湖,阳光花园,2室2厅,92平米,2700
20180827,江汉,杨汊湖,福星华府,2室2厅,90平米,2800
20180827,江汉,杨汊湖,富康花园,2室2厅,97平米,2000
20180827,江汉,杨汊湖,京华时代,1室1厅,43平米,2000
20180827,江汉,杨汊湖,华苑社区,2室1厅,75平米,1900
20180827,江汉,杨汊湖,京华时代,2室2厅,84平米,2600
20180827,江汉,杨汊湖,园丁苑,2室1厅,96平米,2500
20180827,江汉,杨汊湖,福星华府,3室1厅,91平米,2800
20180827,江汉,杨汊湖,富康花园,2室2厅,65平米,1800
20180827,江汉,杨汊湖,富康花园,4室1厅,104平米,2500
20180827,江汉,杨汊湖,常青二垸,2室2厅,102平米,2300
20180827,江汉,杨汊湖,园丁苑,2室1厅,70平米,1200
20180827,江汉,杨汊湖,浩海小区,1室1厅,50平米,1600
20180827,江汉,杨汊湖,常青三垸社区,2室1厅,60平米,2000
20180827,江汉,杨汊湖,阳光新苑,3室2厅,130平米,3500
20180827,江汉,杨汊湖,馨苑小区,3室2厅,112平米,2600
20180827,江汉,杨汊湖,新华家园,3室2厅,137平米,3900
20180827,江汉,杨汊湖,万丰花园,3室2厅,107平米,3500
20180827,江汉,杨汊湖,万景橘苑,3室2厅,98平米,2100
20180827,江汉,杨汊湖,新华家园,2室2厅,120平米,3000
20180827,江汉,杨汊湖,华苑社区,2室1厅,80平米,2500
20180827,江汉,杨汊湖,新华家园,3室1厅,115平米,3000
20180827,江汉,杨汊湖,市公安局宿舍,2室1厅,86平米,2200
20180827,江汉,杨汊湖,华苑社区,2室1厅,63平米,1700
20180827,江汉,杨汊湖,万科汉口传奇,3室2厅,97平米,3700
20180827,江汉,杨汊湖,万科汉口传奇唐樾,3室2厅,95平米,3300
20180827,江汉,杨汊湖,浩海丰太花园,4室1厅,150平米,4000
20180827,江汉,杨汊湖,万科汉口传奇唐樾,3室2厅,86平米,3700
20180827,江汉,杨汊湖,常青五垸,2室1厅,71平米,2100
20180827,江汉,杨汊湖,市公安局宿舍,2室2厅,87平米,2400
20180827,江汉,杨汊湖,新华家园,2室1厅,90平米,3000
20180827,江汉,杨汊湖,华苑社区,2室1厅,85平米,1500
20180827,江汉,杨汊湖,福星华府,4室2厅,20平米,800
20180827,江汉,杨汊湖,常青五垸,2室2厅,70平米,1700
20180827,江汉,杨汊湖,浩海小区,2室1厅,100平米,1800
20180827,江汉,杨汊湖,新华家园,2室2厅,88平米,3000
20180827,江汉,杨汊湖,新华家园悦景居,2室2厅,102平米,3000
20180827,江汉,杨汊湖,常青二垸,2室1厅,44平米,1700
20180827,江汉,杨汊湖,华苑社区,2室1厅,70平米,1500
20180827,江汉,杨汊湖,浩海公寓,2室2厅,114平米,2800
20180827,江汉,杨汊湖,常青二垸,2室1厅,63平米,1600
20180827,江汉,杨汊湖,常青四垸,2室1厅,63平米,1800
20180827,江汉,杨汊湖,常青五垸,2室1厅,65平米,1400
20180827,江汉,杨汊湖,浩海小区,4室2厅,156平米,3850
20180827,江汉,杨汊湖,万科汉口传奇唐樾,3室2厅,90平米,3800
20180827,江汉,杨汊湖,园丁苑,2室1厅,68平米,1600
20180827,江汉,杨汊湖,万科汉口传奇唐樾,4室2厅,142平米,5500
20180827,江汉,杨汊湖,华苑社区,2室1厅,60平米,1200
20180827,江汉,杨汊湖,富康花园,2室2厅,71平米,2000
20180827,江汉,杨汊湖,博海名居,3室2厅,117平米,3000
20180827,江汉,杨汊湖,京华时代,2室2厅,85平米,3300
20180827,江汉,杨汊湖,园丁苑,2室1厅,80平米,1600
20180827,江汉,杨汊湖,华苑社区,2室1厅,70平米,1700
20180827,江汉,杨汊湖,浩海丰太花园,3室2厅,137平米,3800
20180827,江汉,杨汊湖,华苑社区,2室2厅,80平米,2100
20180827,江汉,杨汊湖,万科汉口传奇唐樾,3室2厅,117平米,4200
20180827,江汉,杨汊湖,博海名居,1室1厅,55平米,1900
20180827,江汉,杨汊湖,常青二垸,2室1厅,70平米,2000
20180827,江汉,杨汊湖,浩海小区,1室1厅,20平米,1000
20180827,江汉,杨汊湖,万科汉口传奇唐樾,4室2厅,143平米,5000
20180827,江汉,杨汊湖,万科汉口传奇唐樾,3室2厅,118平米,4100
20180827,江汉,杨汊湖,远洋心里,2室1厅,79平米,2800
20180827,江汉,杨汊湖,万科汉口传奇,2室2厅,80平米,4500
20180827,江汉,杨汊湖,园丁苑,2室1厅,68平米,1700
20180827,江汉,杨汊湖,阳光花园,2室2厅,92平米,2800
20180827,江汉,杨汊湖,绿色家园,4室2厅,130平米,2800
20180827,江汉,杨汊湖,京华时代,1室1厅,41平米,2100
20180827,江汉,杨汊湖,华苑社区,2室1厅,66平米,1900
20180827,江汉,杨汊湖,万科汉口传奇唐樾,3室2厅,120平米,4500
20180827,江汉,杨汊湖,馨苑小区,1室1厅,50平米,1000
20180827,江汉,杨汊湖,浩海小区,2室2厅,102平米,3000
20180827,江汉,杨汊湖,华苑社区,2室1厅,62平米,1600
20180827,江汉,杨汊湖,华苑社区,3室3厅,158平米,3500
20180827,江汉,杨汊湖,常青二垸,2室1厅,80平米,1900
20180827,江汉,杨汊湖,盛丰花园,2室2厅,90平米,2000
20180827,江汉,杨汊湖,万科汉口传奇,2室1厅,79平米,3300
20180827,江汉,杨汊湖,新华家园,2室2厅,80平米,2800
20180827,江汉,杨汊湖,万科汉口传奇唐樾,4室1厅,13平米,1630
20180827,江汉,杨汊湖,万科汉口传奇唐樾,4室1厅,6平米,890
20180827,江汉,杨汊湖,华苑社区,2室1厅,60平米,1800
20180827,江汉,杨汊湖,新华家园,2室2厅,118平米,2500
20180827,江汉,杨汊湖,万科汉口传奇唐樾,4室1厅,10平米,1190
20180827,江汉,杨汊湖,福星华府,3室2厅,121平米,4000
20180827,江汉,杨汊湖,常青四垸,2室1厅,76平米,1900
20180827,江汉,杨汊湖,万科汉口传奇唐樾,4室1厅,7平米,1130
20180827,江汉,杨汊湖,盛丰花园,2室1厅,70平米,1800
20180827,江汉,杨汊湖,华苑社区,2室2厅,83平米,1800
20180827,江汉,杨汊湖,新华家园,3室2厅,114平米,2900
20180827,江汉,杨汊湖,浩海公寓,3室0厅,80平米,1999
20180827,江汉,杨汊湖,盛丰花园,2室2厅,84平米,1700
20180827,江汉,杨汊湖,万科汉口传奇,3室2厅,95平米,3800
20180827,江汉,杨汊湖,绿色家园,3室2厅,108平米,3100
20180827,江汉,杨汊湖,和祥里社区,1室1厅,23平米,800
20180827,江汉,杨汊湖,万科汉口传奇唐樾,3室2厅,95平米,3300
20180827,江汉,杨汊湖,常青二垸,2室2厅,70平米,1900
20180827,江汉,杨汊湖,万科汉口传奇唐樾,4室1厅,10平米,1130
20180827,江汉,杨汊湖,新华家园,1室1厅,22平米,1199
20180827,江汉,杨汊湖,博海名居,3室2厅,117平米,3500
20180827,江汉,杨汊湖,新华家园悦景居,1室0厅,25平米,1000
20180827,江汉,杨汊湖,福星华府,2室2厅,88平米,2800
20180827,江汉,杨汊湖,华苑社区,2室1厅,74平米,2000
20180827,江汉,杨汊湖,京华时代,2室2厅,85平米,2800
20180827,江汉,杨汊湖,华苑社区,2室1厅,89平米,1800
20180827,江汉,杨汊湖,京华时代,1室0厅,43平米,2300
20180827,江汉,杨汊湖,新华家园,2室2厅,120平米,3500
20180827,江汉,杨汊湖,新华家园,3室2厅,144平米,4000
20180827,江汉,杨汊湖,京华时代,1室1厅,42平米,2200
20180827,江汉,杨汊湖,盛丰花园,2室2厅,85平米,2000
20180827,江汉,杨汊湖,华苑社区,2室1厅,66平米,1600
20180827,江汉,杨汊湖,华苑社区,2室2厅,70平米,1950
20180827,江汉,杨汊湖,万科汉口传奇唐樾,4室1厅,12平米,1290
20180827,江汉,杨汊湖,万科汉口传奇唐樾,4室1厅,12平米,1290
20180827,江汉,杨汊湖,和祥里社区,2室1厅,60平米,1800
20180827,江汉,杨汊湖,绿色家园,3室2厅,137平米,3800
20180827,江汉,杨汊湖,新华家园,2室2厅,91平米,2900
20180827,江汉,杨汊湖,万科汉口传奇唐樾,3室2厅,86平米,3800
20180827,江汉,杨汊湖,馨苑小区,3室2厅,156平米,3500
20180827,江汉,杨汊湖,绿色家园,4室2厅,117平米,3500
20180827,江汉,杨汊湖,京华时代,1室1厅,41平米,2000
20180827,江汉,杨汊湖,京华时代,1室1厅,43平米,2100
20180827,江汉,杨汊湖,万科汉口传奇唐樾,4室1厅,9平米,1030
20180827,江汉,杨汊湖,万科汉口传奇唐樾,4室1厅,14平米,1260
20180827,江汉,杨汊湖,万科汉口传奇唐樾,4室1厅,10平米,1030
20180827,江汉,杨汊湖,万科汉口传奇唐樾,4室1厅,8平米,1160
20180827,江汉,杨汊湖,万科汉口传奇唐樾,4室1厅,12平米,1160
20180827,江汉,杨汊湖,园丁苑,2室2厅,74平米,1800
20180827,江汉,杨汊湖,万科汉口传奇唐樾,4室1厅,8平米,930
20180827,江汉,杨汊湖,馨苑小区,2室1厅,73平米,1600
20180827,江汉,杨汊湖,京华时代,1室1厅,43平米,2000
20180827,江汉,杨汊湖,远洋心里,1室0厅,13平米,1200
20180827,江汉,杨汊湖,绿色家园,1室1厅,30平米,1300
20180827,江汉,杨汊湖,万科汉口传奇,2室1厅,79平米,3200
20180827,江汉,杨汊湖,远洋心里,3室1厅,96平米,2900
20180827,江汉,杨汊湖,园丁苑,2室1厅,80平米,1500
20180827,江汉,杨汊湖,富康花园,2室2厅,84平米,2000
20180827,江汉,杨汊湖,华苑社区,2室2厅,90平米,1900
20180827,江汉,杨汊湖,远洋心里,2室1厅,90平米,2200
20180827,江汉,杨汊湖,常青二垸,2室1厅,66平米,1500
20180827,江汉,杨汊湖,和祥里社区,2室1厅,63平米,2000
20180827,江汉,杨汊湖,远洋心里,1室0厅,13平米,1200
20180827,江汉,杨汊湖,绿色家园,1室1厅,30平米,1300
20180827,江汉,杨汊湖,京华时代,1室1厅,43平米,2000
20180827,江汉,杨汊湖,浩海丰太花园,2室1厅,97平米,2300
20180827,江汉,杨汊湖,常青二垸,2室2厅,65平米,2000
20180827,江汉,杨汊湖,华苑社区,2室1厅,69平米,1700
20180827,江汉,杨汊湖,常青二垸,2室1厅,53平米,1500
20180827,江汉,杨汊湖,常青二垸,2室2厅,91平米,2200
20180827,江汉,杨汊湖,馨苑小区,2室1厅,73平米,1600
20180827,江汉,杨汊湖,远洋心里,3室1厅,96平米,2900
20180827,江汉,杨汊湖,万科汉口传奇唐樾,4室2厅,142平米,4200
20180827,江汉,杨汊湖,万科汉口传奇唐樾,3室2厅,90平米,3600
20180827,江汉,杨汊湖,馨苑小区,1室1厅,47平米,1400
20180827,江汉,杨汊湖,华苑社区,2室1厅,74平米,2400
20180827,江汉,杨汊湖,万科汉口传奇唐樾,3室2厅,120平米,4000
20180827,江汉,杨汊湖,万科汉口传奇唐樾,4室1厅,11平米,1260
20180827,江汉,杨汊湖,万科汉口传奇唐樾,4室1厅,11平米,1160
20180827,江汉,杨汊湖,常青四垸,2室1厅,50平米,1300
20180827,江汉,杨汊湖,万科汉口传奇唐樾,4室1厅,9平米,1030
20180827,江汉,杨汊湖,华苑社区,2室2厅,118平米,3000
20180827,江汉,杨汊湖,华苑社区,2室1厅,65平米,1600
20180827,江汉,杨汊湖,万科汉口传奇,3室2厅,93平米,3600
20180827,江汉,杨汊湖,万科汉口传奇唐樾,4室1厅,9平米,1230
20180827,江汉,杨汊湖,万科汉口传奇唐樾,4室1厅,10平米,1090
20180827,江汉,杨汊湖,阳光花园,3室2厅,114平米,3200
20180827,江汉,杨汊湖,万科汉口传奇唐樾,4室1厅,9平米,1060
20180827,江汉,杨汊湖,万科汉口传奇唐樾,4室1厅,8平米,960
20180827,江汉,杨汊湖,万科汉口传奇唐樾,4室1厅,10平米,1090
20180827,江汉,杨汊湖,万科汉口传奇唐樾,4室1厅,9平米,1090
20180827,江汉,杨汊湖,万科汉口传奇唐樾,4室1厅,12平米,1630
